Name,Sport,Date,Start time,Duration,Total distance (km),Average heart rate (bpm),Average speed (km/h),Max speed (km/h),Average pace (min/km),Max pace (min/km),Calories,Fat percentage of calories(%),Average cadence (rpm),Average stride length (cm),Running index,Training load,Ascent (m),Descent (m),Average power (W),Max power (W),Notes,Height (cm),Weight (kg),HR max,HR sit,VO2max,
T Toro,OTHER_OUTDOOR,19-06-2023,16:04:31,00:43:45,0.14,69,0.2,2.8,303:49,21:06,3,,,,,,,,,,,130.0,40.0,200,55,44,
Sample rate,Time,HR (bpm),Speed (km/h),Pace (min/km),Cadence,Altitude (m),Stride length (m),Distances (m),Temperatures (C),Power (W),
1,00:00:00,68,0.0,00:00,,,,0.00,,,
,00:00:01,68,0.0,00:00,,,,0.00,,,
,00:00:02,67,0.0,00:00,,,,0.00,,,
,00:00:03,66,0.0,00:00,,,,0.00,,,
,00:00:04,65,0.0,00:00,,,,0.00,,,
,00:00:05,65,0.0,00:00,,,,0.00,,,
,00:00:06,65,0.0,00:00,,,,0.00,,,
,00:00:07,66,0.0,00:00,,,,0.00,,,
,00:00:08,67,0.0,00:00,,,,0.00,,,
,00:00:09,67,0.0,00:00,,,,0.00,,,
,00:00:10,68,0.0,00:00,,,,0.00,,,
,00:00:11,70,0.0,00:00,,,,0.00,,,
,00:00:12,71,0.0,00:00,,,,0.00,,,
,00:00:13,73,0.0,00:00,,,,0.00,,,
,00:00:14,75,0.0,00:00,,,,0.00,,,
,00:00:15,74,0.0,00:00,,,,0.00,,,
,00:00:16,73,0.0,00:00,,,,0.00,,,
,00:00:17,72,0.0,00:00,,,,0.00,,,
,00:00:18,72,0.0,00:00,,,,0.00,,,
,00:00:19,72,0.0,00:00,,,,0.00,,,
,00:00:20,71,0.0,00:00,,,,0.00,,,
,00:00:21,71,0.0,00:00,,,,0.00,,,
,00:00:22,71,0.0,00:00,,,,0.00,,,
,00:00:23,70,0.0,00:00,,,,0.00,,,
,00:00:24,70,0.0,00:00,,,,0.00,,,
,00:00:25,70,0.0,00:00,,,,0.00,,,
,00:00:26,69,0.0,00:00,,,,0.00,,,
,00:00:27,69,0.0,00:00,,,,0.00,,,
,00:00:28,68,0.0,00:00,,,,0.00,,,
,00:00:29,68,0.0,00:00,,,,0.00,,,
,00:00:30,67,0.0,00:00,,,,0.00,,,
,00:00:31,67,0.0,00:00,,,,0.00,,,
,00:00:32,66,0.0,00:00,,,,0.00,,,
,00:00:33,66,0.0,00:00,,,,0.00,,,
,00:00:34,65,0.0,00:00,,,,0.00,,,
,00:00:35,65,0.0,00:00,,,,0.00,,,
,00:00:36,65,0.0,00:00,,,,0.00,,,
,00:00:37,66,0.0,00:00,,,,0.00,,,
,00:00:38,66,0.0,00:00,,,,0.00,,,
,00:00:39,66,0.0,00:00,,,,0.00,,,
,00:00:40,66,0.0,00:00,,,,0.00,,,
,00:00:41,67,0.0,00:00,,,,0.00,,,
,00:00:42,68,0.0,00:00,,,,0.00,,,
,00:00:43,69,0.0,00:00,,,,0.00,,,
,00:00:44,70,0.0,00:00,,,,0.00,,,
,00:00:45,72,0.0,00:00,,,,0.00,,,
,00:00:46,73,0.0,00:00,,,,0.00,,,
,00:00:47,74,0.0,00:00,,,,0.00,,,
,00:00:48,75,0.0,00:00,,,,0.00,,,
,00:00:49,74,0.0,00:00,,,,0.00,,,
,00:00:50,74,0.0,00:00,,,,0.00,,,
,00:00:51,74,0.0,00:00,,,,0.00,,,
,00:00:52,74,0.0,00:00,,,,0.00,,,
,00:00:53,74,0.0,00:00,,,,0.00,,,
,00:00:54,75,0.0,00:00,,,,0.00,,,
,00:00:55,75,0.0,00:00,,,,0.00,,,
,00:00:56,75,0.0,00:00,,,,0.00,,,
,00:00:57,75,0.0,00:00,,,,0.00,,,
,00:00:58,75,0.0,00:00,,,,0.00,,,
,00:00:59,75,0.0,00:00,,,,0.00,,,
,00:01:00,74,0.0,00:00,,,,0.00,,,
,00:01:01,73,0.0,00:00,,,,0.00,,,
,00:01:02,73,0.0,00:00,,,,0.00,,,
,00:01:03,71,0.0,00:00,,,,0.00,,,
,00:01:04,70,0.0,00:00,,,,0.00,,,
,00:01:05,68,0.0,00:00,,,,0.00,,,
,00:01:06,66,0.0,00:00,,,,0.00,,,
,00:01:07,65,0.0,00:00,,,,0.00,,,
,00:01:08,65,0.0,00:00,,,,0.00,,,
,00:01:09,64,0.0,00:00,,,,0.00,,,
,00:01:10,64,0.0,00:00,,,,0.00,,,
,00:01:11,64,0.0,00:00,,,,0.00,,,
,00:01:12,64,0.0,00:00,,,,0.00,,,
,00:01:13,64,0.0,00:00,,,,0.00,,,
,00:01:14,64,0.0,00:00,,,,0.00,,,
,00:01:15,64,0.0,00:00,,,,0.00,,,
,00:01:16,64,0.0,00:00,,,,0.00,,,
,00:01:17,65,0.0,00:00,,,,0.00,,,
,00:01:18,66,0.0,00:00,,,,0.00,,,
,00:01:19,67,0.0,00:00,,,,0.00,,,
,00:01:20,67,0.0,00:00,,,,0.00,,,
,00:01:21,68,0.0,00:00,,,,0.00,,,
,00:01:22,70,0.0,00:00,,,,0.00,,,
,00:01:23,71,0.0,00:00,,,,0.00,,,
,00:01:24,72,0.0,00:00,,,,0.00,,,
,00:01:25,72,0.0,00:00,,,,0.00,,,
,00:01:26,72,0.0,00:00,,,,0.00,,,
,00:01:27,72,0.0,00:00,,,,0.00,,,
,00:01:28,72,0.0,00:00,,,,0.00,,,
,00:01:29,72,0.0,00:00,,,,0.00,,,
,00:01:30,72,0.0,00:00,,,,0.00,,,
,00:01:31,72,0.0,00:00,,,,0.00,,,
,00:01:32,71,0.0,00:00,,,,0.00,,,
,00:01:33,70,0.0,00:00,,,,0.00,,,
,00:01:34,70,0.0,00:00,,,,0.00,,,
,00:01:35,68,0.0,00:00,,,,0.00,,,
,00:01:36,67,0.0,00:00,,,,0.00,,,
,00:01:37,67,0.0,00:00,,,,0.00,,,
,00:01:38,66,0.0,00:00,,,,0.00,,,
,00:01:39,67,0.0,00:00,,,,0.00,,,
,00:01:40,68,0.0,00:00,,,,0.00,,,
,00:01:41,68,0.0,00:00,,,,0.00,,,
,00:01:42,69,0.0,00:00,,,,0.00,,,
,00:01:43,68,0.0,00:00,,,,0.00,,,
,00:01:44,67,0.0,00:00,,,,0.00,,,
,00:01:45,66,0.0,00:00,,,,0.00,,,
,00:01:46,66,0.0,00:00,,,,0.00,,,
,00:01:47,65,0.0,00:00,,,,0.00,,,
,00:01:48,66,0.0,00:00,,,,0.00,,,
,00:01:49,66,0.0,00:00,,,,0.00,,,
,00:01:50,66,0.0,00:00,,,,0.00,,,
,00:01:51,65,0.0,00:00,,,,0.00,,,
,00:01:52,65,0.0,00:00,,,,0.00,,,
,00:01:53,64,0.0,00:00,,,,0.00,,,
,00:01:54,64,0.0,00:00,,,,0.00,,,
,00:01:55,65,0.0,00:00,,,,0.00,,,
,00:01:56,65,0.0,00:00,,,,0.00,,,
,00:01:57,66,0.0,00:00,,,,0.00,,,
,00:01:58,66,0.0,00:00,,,,0.00,,,
,00:01:59,66,0.0,00:00,,,,0.00,,,
,00:02:00,66,0.0,00:00,,,,0.00,,,
,00:02:01,65,0.0,00:00,,,,0.00,,,
,00:02:02,65,0.0,00:00,,,,0.00,,,
,00:02:03,66,0.0,00:00,,,,0.00,,,
,00:02:04,67,0.0,00:00,,,,0.00,,,
,00:02:05,68,0.0,00:00,,,,0.00,,,
,00:02:06,69,0.0,00:00,,,,0.00,,,
,00:02:07,69,0.0,00:00,,,,0.00,,,
,00:02:08,70,0.0,00:00,,,,0.00,,,
,00:02:09,70,0.0,00:00,,,,0.00,,,
,00:02:10,70,0.0,00:00,,,,0.00,,,
,00:02:11,69,0.0,00:00,,,,0.00,,,
,00:02:12,69,0.0,00:00,,,,0.00,,,
,00:02:13,68,0.0,00:00,,,,0.00,,,
,00:02:14,67,0.0,00:00,,,,0.00,,,
,00:02:15,67,0.0,00:00,,,,0.00,,,
,00:02:16,67,0.0,00:00,,,,0.00,,,
,00:02:17,69,0.0,00:00,,,,0.00,,,
,00:02:18,70,0.0,00:00,,,,0.00,,,
,00:02:19,71,0.0,00:00,,,,0.00,,,
,00:02:20,73,0.0,00:00,,,,0.00,,,
,00:02:21,71,0.0,00:00,,,,0.00,,,
,00:02:22,69,0.0,00:00,,,,0.00,,,
,00:02:23,68,0.0,00:00,,,,0.00,,,
,00:02:24,67,0.0,00:00,,,,0.00,,,
,00:02:25,68,0.0,00:00,,,,0.00,,,
,00:02:26,69,0.0,00:00,,,,0.00,,,
,00:02:27,70,0.0,00:00,,,,0.00,,,
,00:02:28,71,0.0,00:00,,,,0.00,,,
,00:02:29,71,0.0,00:00,,,,0.00,,,
,00:02:30,71,0.0,00:00,,,,0.00,,,
,00:02:31,69,0.0,00:00,,,,0.00,,,
,00:02:32,68,0.0,00:00,,,,0.00,,,
,00:02:33,67,0.0,00:00,,,,0.00,,,
,00:02:34,66,0.0,00:00,,,,0.00,,,
,00:02:35,67,0.0,00:00,,,,0.00,,,
,00:02:36,67,0.0,00:00,,,,0.00,,,
,00:02:37,68,0.0,00:00,,,,0.00,,,
,00:02:38,68,0.0,00:00,,,,0.00,,,
,00:02:39,68,0.0,00:00,,,,0.00,,,
,00:02:40,67,0.0,00:00,,,,0.00,,,
,00:02:41,67,0.0,00:00,,,,0.00,,,
,00:02:42,67,0.0,00:00,,,,0.00,,,
,00:02:43,67,0.0,00:00,,,,0.00,,,
,00:02:44,67,0.0,00:00,,,,0.00,,,
,00:02:45,67,0.0,00:00,,,,0.00,,,
,00:02:46,67,0.0,00:00,,,,0.00,,,
,00:02:47,67,0.0,00:00,,,,0.00,,,
,00:02:48,67,0.0,00:00,,,,0.00,,,
,00:02:49,68,0.0,00:00,,,,0.00,,,
,00:02:50,68,0.0,00:00,,,,0.00,,,
,00:02:51,69,0.0,00:00,,,,0.00,,,
,00:02:52,70,0.0,00:00,,,,0.00,,,
,00:02:53,70,0.0,00:00,,,,0.00,,,
,00:02:54,69,0.0,00:00,,,,0.00,,,
,00:02:55,68,0.0,00:00,,,,0.00,,,
,00:02:56,68,0.0,00:00,,,,0.00,,,
,00:02:57,68,0.0,00:00,,,,0.00,,,
,00:02:58,69,0.0,00:00,,,,0.00,,,
,00:02:59,70,0.0,00:00,,,,0.00,,,
,00:03:00,72,0.0,00:00,,,,0.00,,,
,00:03:01,73,0.0,00:00,,,,0.00,,,
,00:03:02,74,0.0,00:00,,,,0.00,,,
,00:03:03,75,0.0,00:00,,,,0.00,,,
,00:03:04,75,0.0,00:00,,,,0.00,,,
,00:03:05,75,0.0,00:00,,,,0.00,,,
,00:03:06,75,0.0,00:00,,,,0.00,,,
,00:03:07,73,0.0,00:00,,,,0.00,,,
,00:03:08,72,0.0,00:00,,,,0.00,,,
,00:03:09,71,0.0,00:00,,,,0.00,,,
,00:03:10,70,0.0,00:00,,,,0.00,,,
,00:03:11,69,0.0,00:00,,,,0.00,,,
,00:03:12,69,0.0,00:00,,,,0.00,,,
,00:03:13,68,0.0,00:00,,,,0.00,,,
,00:03:14,68,0.0,00:00,,,,0.00,,,
,00:03:15,67,0.0,00:00,,,,0.00,,,
,00:03:16,67,0.0,00:00,,,,0.00,,,
,00:03:17,67,0.0,00:00,,,,0.00,,,
,00:03:18,66,0.0,00:00,,,,0.00,,,
,00:03:19,67,0.0,00:00,,,,0.00,,,
,00:03:20,67,0.0,00:00,,,,0.00,,,
,00:03:21,68,0.0,00:00,,,,0.00,,,
,00:03:22,69,0.0,00:00,,,,0.00,,,
,00:03:23,69,0.0,00:00,,,,0.00,,,
,00:03:24,69,0.0,00:00,,,,0.00,,,
,00:03:25,70,0.0,00:00,,,,0.00,,,
,00:03:26,71,0.0,00:00,,,,0.00,,,
,00:03:27,73,0.0,00:00,,,,0.00,,,
,00:03:28,74,0.0,00:00,,,,0.00,,,
,00:03:29,73,0.0,00:00,,,,0.00,,,
,00:03:30,72,0.0,00:00,,,,0.00,,,
,00:03:31,71,0.0,00:00,,,,0.00,,,
,00:03:32,70,0.0,00:00,,,,0.00,,,
,00:03:33,69,0.0,00:00,,,,0.00,,,
,00:03:34,69,0.0,00:00,,,,0.00,,,
,00:03:35,69,0.0,00:00,,,,0.00,,,
,00:03:36,69,0.0,00:00,,,,0.00,,,
,00:03:37,71,0.0,00:00,,,,0.00,,,
,00:03:38,71,0.0,00:00,,,,0.00,,,
,00:03:39,73,0.0,00:00,,,,0.00,,,
,00:03:40,74,0.0,00:00,,,,0.00,,,
,00:03:41,74,0.0,00:00,,,,0.00,,,
,00:03:42,75,0.0,00:00,,,,0.00,,,
,00:03:43,74,0.0,00:00,,,,0.00,,,
,00:03:44,73,0.0,00:00,,,,0.00,,,
,00:03:45,73,0.0,00:00,,,,0.00,,,
,00:03:46,73,0.0,00:00,,,,0.00,,,
,00:03:47,74,0.0,00:00,,,,0.00,,,
,00:03:48,75,0.0,00:00,,,,0.00,,,
,00:03:49,75,0.0,00:00,,,,0.00,,,
,00:03:50,76,0.0,00:00,,,,0.00,,,
,00:03:51,75,0.0,00:00,,,,0.00,,,
,00:03:52,74,0.0,00:00,,,,0.00,,,
,00:03:53,73,0.0,00:00,,,,0.00,,,
,00:03:54,72,0.0,00:00,,,,0.00,,,
,00:03:55,71,0.0,00:00,,,,0.00,,,
,00:03:56,71,0.0,00:00,,,,0.00,,,
,00:03:57,70,0.0,00:00,,,,0.00,,,
,00:03:58,69,0.0,00:00,,,,0.00,,,
,00:03:59,68,0.0,00:00,,,,0.00,,,
,00:04:00,67,0.0,00:00,,,,0.00,,,
,00:04:01,68,0.0,00:00,,,,0.00,,,
,00:04:02,69,0.0,00:00,,,,0.00,,,
,00:04:03,70,0.0,00:00,,,,0.00,,,
,00:04:04,71,0.0,00:00,,,,0.00,,,
,00:04:05,72,0.0,00:00,,,,0.00,,,
,00:04:06,72,0.0,00:00,,,,0.00,,,
,00:04:07,71,0.0,00:00,,,,0.00,,,
,00:04:08,70,0.0,00:00,,,,0.00,,,
,00:04:09,69,0.0,00:00,,,,0.00,,,
,00:04:10,68,0.0,00:00,,,,0.00,,,
,00:04:11,67,0.0,00:00,,,,0.00,,,
,00:04:12,66,0.0,00:00,,,,0.00,,,
,00:04:13,65,0.0,00:00,,,,0.00,,,
,00:04:14,65,0.0,00:00,,,,0.00,,,
,00:04:15,64,0.0,00:00,,,,0.00,,,
,00:04:16,64,0.0,00:00,,,,0.00,,,
,00:04:17,64,0.0,00:00,,,,0.00,,,
,00:04:18,65,0.0,00:00,,,,0.00,,,
,00:04:19,65,0.0,00:00,,,,0.00,,,
,00:04:20,66,0.0,00:00,,,,0.00,,,
,00:04:21,66,0.0,00:00,,,,0.00,,,
,00:04:22,66,0.0,00:00,,,,0.00,,,
,00:04:23,67,0.0,00:00,,,,0.00,,,
,00:04:24,67,0.0,00:00,,,,0.00,,,
,00:04:25,68,0.0,00:00,,,,0.00,,,
,00:04:26,68,0.0,00:00,,,,0.00,,,
,00:04:27,68,0.0,00:00,,,,0.00,,,
,00:04:28,68,0.0,00:00,,,,0.00,,,
,00:04:29,69,0.0,00:00,,,,0.00,,,
,00:04:30,70,0.0,00:00,,,,0.00,,,
,00:04:31,70,0.0,00:00,,,,0.00,,,
,00:04:32,71,0.0,00:00,,,,0.00,,,
,00:04:33,72,0.0,00:00,,,,0.00,,,
,00:04:34,73,0.0,00:00,,,,0.00,,,
,00:04:35,74,0.0,00:00,,,,0.00,,,
,00:04:36,75,0.0,00:00,,,,0.00,,,
,00:04:37,75,0.0,00:00,,,,0.00,,,
,00:04:38,75,0.0,00:00,,,,0.00,,,
,00:04:39,75,0.0,00:00,,,,0.00,,,
,00:04:40,75,0.0,00:00,,,,0.00,,,
,00:04:41,74,0.0,00:00,,,,0.00,,,
,00:04:42,74,0.0,00:00,,,,0.00,,,
,00:04:43,73,0.0,00:00,,,,0.00,,,
,00:04:44,72,0.0,00:00,,,,0.00,,,
,00:04:45,71,0.0,00:00,,,,0.00,,,
,00:04:46,70,0.0,00:00,,,,0.00,,,
,00:04:47,69,0.0,00:00,,,,0.00,,,
,00:04:48,68,0.0,00:00,,,,0.00,,,
,00:04:49,68,0.0,00:00,,,,0.00,,,
,00:04:50,67,0.0,00:00,,,,0.00,,,
,00:04:51,69,0.0,00:00,,,,0.00,,,
,00:04:52,70,0.0,00:00,,,,0.00,,,
,00:04:53,71,0.0,00:00,,,,0.00,,,
,00:04:54,73,0.0,00:00,,,,0.00,,,
,00:04:55,74,0.0,00:00,,,,0.00,,,
,00:04:56,75,0.0,00:00,,,,0.00,,,
,00:04:57,77,0.0,00:00,,,,0.00,,,
,00:04:58,79,0.0,00:00,,,,0.00,,,
,00:04:59,80,0.0,00:00,,,,0.00,,,
,00:05:00,81,0.0,00:00,,,,0.00,,,
,00:05:01,80,0.0,00:00,,,,0.00,,,
,00:05:02,79,0.0,00:00,,,,0.00,,,
,00:05:03,77,0.0,00:00,,,,0.00,,,
,00:05:04,76,0.0,00:00,,,,0.00,,,
,00:05:05,75,0.0,00:00,,,,0.00,,,
,00:05:06,74,0.0,00:00,,,,0.00,,,
,00:05:07,74,0.0,00:00,,,,0.00,,,
,00:05:08,74,0.0,00:00,,,,0.00,,,
,00:05:09,74,0.0,00:00,,,,0.00,,,
,00:05:10,74,0.0,00:00,,,,0.00,,,
,00:05:11,73,0.0,00:00,,,,0.00,,,
,00:05:12,72,0.0,00:00,,,,0.00,,,
,00:05:13,71,0.0,00:00,,,,0.00,,,
,00:05:14,71,0.0,00:00,,,,0.00,,,
,00:05:15,72,0.0,00:00,,,,0.00,,,
,00:05:16,73,0.0,00:00,,,,0.00,,,
,00:05:17,74,0.0,00:00,,,,0.00,,,
,00:05:18,75,0.0,00:00,,,,0.00,,,
,00:05:19,76,0.0,00:00,,,,0.00,,,
,00:05:20,76,0.0,00:00,,,,0.00,,,
,00:05:21,75,0.0,00:00,,,,0.00,,,
,00:05:22,73,0.0,00:00,,,,0.00,,,
,00:05:23,72,0.0,00:00,,,,0.00,,,
,00:05:24,72,0.0,00:00,,,,0.00,,,
,00:05:25,71,0.0,00:00,,,,0.00,,,
,00:05:26,70,0.0,00:00,,,,0.00,,,
,00:05:27,70,0.0,00:00,,,,0.00,,,
,00:05:28,70,0.0,00:00,,,,0.00,,,
,00:05:29,69,0.0,00:00,,,,0.00,,,
,00:05:30,69,0.0,00:00,,,,0.00,,,
,00:05:31,69,0.0,00:00,,,,0.00,,,
,00:05:32,69,0.0,00:00,,,,0.00,,,
,00:05:33,70,0.0,00:00,,,,0.00,,,
,00:05:34,70,0.0,00:00,,,,0.00,,,
,00:05:35,70,0.0,00:00,,,,0.00,,,
,00:05:36,71,0.0,00:00,,,,0.00,,,
,00:05:37,71,0.0,00:00,,,,0.00,,,
,00:05:38,72,0.0,00:00,,,,0.00,,,
,00:05:39,72,0.0,00:00,,,,0.00,,,
,00:05:40,73,0.0,00:00,,,,0.00,,,
,00:05:41,73,0.0,00:00,,,,0.00,,,
,00:05:42,74,0.0,00:00,,,,0.00,,,
,00:05:43,74,0.0,00:00,,,,0.00,,,
,00:05:44,74,0.0,00:00,,,,0.00,,,
,00:05:45,74,0.0,00:00,,,,0.00,,,
,00:05:46,74,0.0,00:00,,,,0.00,,,
,00:05:47,73,0.0,00:00,,,,0.00,,,
,00:05:48,73,0.0,00:00,,,,0.00,,,
,00:05:49,73,0.0,00:00,,,,0.00,,,
,00:05:50,72,0.0,00:00,,,,0.00,,,
,00:05:51,72,0.0,00:00,,,,0.00,,,
,00:05:52,72,0.0,00:00,,,,0.00,,,
,00:05:53,72,0.0,00:00,,,,0.00,,,
,00:05:54,72,0.0,00:00,,,,0.00,,,
,00:05:55,72,0.0,00:00,,,,0.00,,,
,00:05:56,72,0.0,00:00,,,,0.00,,,
,00:05:57,72,0.0,00:00,,,,0.00,,,
,00:05:58,72,0.0,00:00,,,,0.00,,,
,00:05:59,72,0.0,00:00,,,,0.00,,,
,00:06:00,72,0.0,00:00,,,,0.00,,,
,00:06:01,71,0.0,00:00,,,,0.00,,,
,00:06:02,70,0.0,00:00,,,,0.00,,,
,00:06:03,69,0.0,00:00,,,,0.00,,,
,00:06:04,68,0.0,00:00,,,,0.00,,,
,00:06:05,67,0.0,00:00,,,,0.00,,,
,00:06:06,67,0.0,00:00,,,,0.00,,,
,00:06:07,66,0.0,00:00,,,,0.00,,,
,00:06:08,65,0.0,00:00,,,,0.00,,,
,00:06:09,64,0.0,00:00,,,,0.00,,,
,00:06:10,63,0.0,00:00,,,,0.00,,,
,00:06:11,63,0.0,00:00,,,,0.00,,,
,00:06:12,62,0.0,00:00,,,,0.00,,,
,00:06:13,62,0.0,00:00,,,,0.00,,,
,00:06:14,62,0.0,00:00,,,,0.00,,,
,00:06:15,63,0.0,00:00,,,,0.00,,,
,00:06:16,64,0.0,00:00,,,,0.00,,,
,00:06:17,65,0.0,00:00,,,,0.00,,,
,00:06:18,65,0.0,00:00,,,,0.00,,,
,00:06:19,67,0.0,00:00,,,,0.00,,,
,00:06:20,67,0.0,00:00,,,,0.00,,,
,00:06:21,69,0.0,00:00,,,,0.00,,,
,00:06:22,69,0.0,00:00,,,,0.00,,,
,00:06:23,70,0.0,00:00,,,,0.00,,,
,00:06:24,70,0.0,00:00,,,,0.00,,,
,00:06:25,71,0.0,00:00,,,,0.00,,,
,00:06:26,71,0.0,00:00,,,,0.00,,,
,00:06:27,71,0.0,00:00,,,,0.00,,,
,00:06:28,71,0.0,00:00,,,,0.00,,,
,00:06:29,70,0.0,00:00,,,,0.00,,,
,00:06:30,70,0.0,00:00,,,,0.00,,,
,00:06:31,69,0.0,00:00,,,,0.00,,,
,00:06:32,69,0.0,00:00,,,,0.00,,,
,00:06:33,67,0.0,00:00,,,,0.00,,,
,00:06:34,66,0.0,00:00,,,,0.00,,,
,00:06:35,65,0.0,00:00,,,,0.00,,,
,00:06:36,64,0.0,00:00,,,,0.00,,,
,00:06:37,64,0.0,00:00,,,,0.00,,,
,00:06:38,64,0.0,00:00,,,,0.00,,,
,00:06:39,64,0.0,00:00,,,,0.00,,,
,00:06:40,65,0.0,00:00,,,,0.00,,,
,00:06:41,65,0.0,00:00,,,,0.00,,,
,00:06:42,65,0.0,00:00,,,,0.00,,,
,00:06:43,66,0.0,00:00,,,,0.00,,,
,00:06:44,66,0.0,00:00,,,,0.00,,,
,00:06:45,65,0.0,00:00,,,,0.00,,,
,00:06:46,65,0.0,00:00,,,,0.00,,,
,00:06:47,65,0.0,00:00,,,,0.00,,,
,00:06:48,65,0.0,00:00,,,,0.00,,,
,00:06:49,65,0.0,00:00,,,,0.00,,,
,00:06:50,65,0.0,00:00,,,,0.00,,,
,00:06:51,66,0.0,00:00,,,,0.00,,,
,00:06:52,66,0.0,00:00,,,,0.00,,,
,00:06:53,66,0.0,00:00,,,,0.00,,,
,00:06:54,66,0.0,00:00,,,,0.00,,,
,00:06:55,65,0.0,00:00,,,,0.00,,,
,00:06:56,65,0.0,00:00,,,,0.00,,,
,00:06:57,65,0.0,00:00,,,,0.00,,,
,00:06:58,64,0.0,00:00,,,,0.00,,,
,00:06:59,64,0.0,00:00,,,,0.00,,,
,00:07:00,63,0.0,00:00,,,,0.00,,,
,00:07:01,63,0.0,00:00,,,,0.00,,,
,00:07:02,63,0.0,00:00,,,,0.00,,,
,00:07:03,63,0.0,00:00,,,,0.00,,,
,00:07:04,63,0.0,00:00,,,,0.00,,,
,00:07:05,63,0.0,00:00,,,,0.00,,,
,00:07:06,63,0.0,00:00,,,,0.00,,,
,00:07:07,63,0.0,00:00,,,,0.00,,,
,00:07:08,63,0.0,00:00,,,,0.00,,,
,00:07:09,63,0.0,00:00,,,,0.00,,,
,00:07:10,64,0.0,00:00,,,,0.00,,,
,00:07:11,64,0.0,00:00,,,,0.00,,,
,00:07:12,64,0.0,00:00,,,,0.00,,,
,00:07:13,64,0.0,00:00,,,,0.00,,,
,00:07:14,64,0.0,00:00,,,,0.00,,,
,00:07:15,64,0.0,00:00,,,,0.00,,,
,00:07:16,64,0.0,00:00,,,,0.00,,,
,00:07:17,64,0.0,00:00,,,,0.00,,,
,00:07:18,64,0.0,00:00,,,,0.00,,,
,00:07:19,64,0.0,00:00,,,,0.00,,,
,00:07:20,64,0.0,00:00,,,,0.00,,,
,00:07:21,65,0.0,00:00,,,,0.00,,,
,00:07:22,65,0.0,00:00,,,,0.00,,,
,00:07:23,66,0.0,00:00,,,,0.00,,,
,00:07:24,66,0.0,00:00,,,,0.00,,,
,00:07:25,66,0.0,00:00,,,,0.00,,,
,00:07:26,67,0.0,00:00,,,,0.00,,,
,00:07:27,66,0.0,00:00,,,,0.00,,,
,00:07:28,66,0.0,00:00,,,,0.00,,,
,00:07:29,66,0.0,00:00,,,,0.00,,,
,00:07:30,66,0.0,00:00,,,,0.00,,,
,00:07:31,65,0.0,00:00,,,,0.00,,,
,00:07:32,64,0.0,00:00,,,,0.00,,,
,00:07:33,65,0.0,00:00,,,,0.00,,,
,00:07:34,67,0.0,00:00,,,,0.00,,,
,00:07:35,69,0.0,00:00,,,,0.00,,,
,00:07:36,70,0.0,00:00,,,,0.00,,,
,00:07:37,70,0.0,00:00,,,,0.00,,,
,00:07:38,70,0.0,00:00,,,,0.00,,,
,00:07:39,69,0.0,00:00,,,,0.00,,,
,00:07:40,69,0.0,00:00,,,,0.00,,,
,00:07:41,68,0.0,00:00,,,,0.00,,,
,00:07:42,68,0.0,00:00,,,,0.00,,,
,00:07:43,68,0.0,00:00,,,,0.00,,,
,00:07:44,68,0.0,00:00,,,,0.00,,,
,00:07:45,67,0.0,00:00,,,,0.00,,,
,00:07:46,67,0.0,00:00,,,,0.00,,,
,00:07:47,66,0.0,00:00,,,,0.00,,,
,00:07:48,65,0.0,00:00,,,,0.00,,,
,00:07:49,64,0.0,00:00,,,,0.00,,,
,00:07:50,63,0.0,00:00,,,,0.00,,,
,00:07:51,62,0.0,00:00,,,,0.00,,,
,00:07:52,61,0.0,00:00,,,,0.00,,,
,00:07:53,61,0.0,00:00,,,,0.00,,,
,00:07:54,61,0.0,00:00,,,,0.00,,,
,00:07:55,61,0.0,00:00,,,,0.00,,,
,00:07:56,61,0.0,00:00,,,,0.00,,,
,00:07:57,61,0.0,00:00,,,,0.00,,,
,00:07:58,61,0.0,00:00,,,,0.00,,,
,00:07:59,61,0.0,00:00,,,,0.00,,,
,00:08:00,61,0.0,00:00,,,,0.00,,,
,00:08:01,61,0.0,00:00,,,,0.00,,,
,00:08:02,60,0.0,00:00,,,,0.00,,,
,00:08:03,60,0.0,00:00,,,,0.00,,,
,00:08:04,60,0.0,00:00,,,,0.00,,,
,00:08:05,60,0.0,00:00,,,,0.00,,,
,00:08:06,60,0.0,00:00,,,,0.00,,,
,00:08:07,59,0.0,00:00,,,,0.00,,,
,00:08:08,59,0.0,00:00,,,,0.00,,,
,00:08:09,59,0.0,00:00,,,,0.00,,,
,00:08:10,59,0.0,00:00,,,,0.00,,,
,00:08:11,59,0.0,00:00,,,,0.00,,,
,00:08:12,59,0.0,00:00,,,,0.00,,,
,00:08:13,60,0.0,00:00,,,,0.00,,,
,00:08:14,60,0.0,00:00,,,,0.00,,,
,00:08:15,60,0.0,00:00,,,,0.00,,,
,00:08:16,60,0.0,00:00,,,,0.00,,,
,00:08:17,60,0.0,00:00,,,,0.00,,,
,00:08:18,60,0.0,00:00,,,,0.00,,,
,00:08:19,60,0.0,00:00,,,,0.00,,,
,00:08:20,60,0.0,00:00,,,,0.00,,,
,00:08:21,61,0.0,00:00,,,,0.00,,,
,00:08:22,62,0.0,00:00,,,,0.00,,,
,00:08:23,62,0.0,00:00,,,,0.00,,,
,00:08:24,62,0.0,00:00,,,,0.00,,,
,00:08:25,61,0.0,00:00,,,,0.00,,,
,00:08:26,61,0.0,00:00,,,,0.00,,,
,00:08:27,60,0.0,00:00,,,,0.00,,,
,00:08:28,60,0.0,00:00,,,,0.00,,,
,00:08:29,60,0.0,00:00,,,,0.00,,,
,00:08:30,60,0.0,00:00,,,,0.00,,,
,00:08:31,60,0.0,00:00,,,,0.00,,,
,00:08:32,60,0.0,00:00,,,,0.00,,,
,00:08:33,60,0.0,00:00,,,,0.00,,,
,00:08:34,61,0.0,00:00,,,,0.00,,,
,00:08:35,61,0.0,00:00,,,,0.00,,,
,00:08:36,61,0.0,00:00,,,,0.00,,,
,00:08:37,61,0.0,00:00,,,,0.00,,,
,00:08:38,61,0.0,00:00,,,,0.00,,,
,00:08:39,61,0.0,00:00,,,,0.00,,,
,00:08:40,61,0.0,00:00,,,,0.00,,,
,00:08:41,62,0.0,00:00,,,,0.00,,,
,00:08:42,62,0.0,00:00,,,,0.00,,,
,00:08:43,62,0.0,00:00,,,,0.00,,,
,00:08:44,62,0.0,00:00,,,,0.00,,,
,00:08:45,62,0.0,00:00,,,,0.00,,,
,00:08:46,62,0.0,00:00,,,,0.00,,,
,00:08:47,62,0.0,00:00,,,,0.00,,,
,00:08:48,62,0.0,00:00,,,,0.00,,,
,00:08:49,62,0.0,00:00,,,,0.00,,,
,00:08:50,62,0.0,00:00,,,,0.00,,,
,00:08:51,62,0.0,00:00,,,,0.00,,,
,00:08:52,62,0.0,00:00,,,,0.00,,,
,00:08:53,61,0.0,00:00,,,,0.00,,,
,00:08:54,61,0.0,00:00,,,,0.00,,,
,00:08:55,60,0.0,00:00,,,,0.00,,,
,00:08:56,60,0.0,00:00,,,,0.00,,,
,00:08:57,61,0.0,00:00,,,,0.00,,,
,00:08:58,61,0.0,00:00,,,,0.00,,,
,00:08:59,62,0.0,00:00,,,,0.00,,,
,00:09:00,63,0.0,00:00,,,,0.00,,,
,00:09:01,64,0.0,00:00,,,,0.00,,,
,00:09:02,65,0.0,00:00,,,,0.00,,,
,00:09:03,63,0.0,00:00,,,,0.00,,,
,00:09:04,62,0.0,00:00,,,,0.00,,,
,00:09:05,62,0.0,00:00,,,,0.00,,,
,00:09:06,61,0.0,00:00,,,,0.00,,,
,00:09:07,62,0.0,00:00,,,,0.00,,,
,00:09:08,63,0.0,00:00,,,,0.00,,,
,00:09:09,63,0.0,00:00,,,,0.00,,,
,00:09:10,64,0.0,00:00,,,,0.00,,,
,00:09:11,65,0.0,00:00,,,,0.00,,,
,00:09:12,65,0.0,00:00,,,,0.00,,,
,00:09:13,65,0.0,00:00,,,,0.00,,,
,00:09:14,65,0.0,00:00,,,,0.00,,,
,00:09:15,65,0.0,00:00,,,,0.00,,,
,00:09:16,64,0.0,00:00,,,,0.00,,,
,00:09:17,64,0.0,00:00,,,,0.00,,,
,00:09:18,63,0.0,00:00,,,,0.00,,,
,00:09:19,63,0.0,00:00,,,,0.00,,,
,00:09:20,63,0.0,00:00,,,,0.00,,,
,00:09:21,62,0.0,00:00,,,,0.00,,,
,00:09:22,62,0.0,00:00,,,,0.00,,,
,00:09:23,62,0.0,00:00,,,,0.00,,,
,00:09:24,62,0.0,00:00,,,,0.00,,,
,00:09:25,61,0.0,00:00,,,,0.00,,,
,00:09:26,61,0.0,00:00,,,,0.00,,,
,00:09:27,61,0.0,00:00,,,,0.00,,,
,00:09:28,61,0.0,00:00,,,,0.00,,,
,00:09:29,61,0.0,00:00,,,,0.00,,,
,00:09:30,61,0.0,00:00,,,,0.00,,,
,00:09:31,61,0.0,00:00,,,,0.00,,,
,00:09:32,61,0.0,00:00,,,,0.00,,,
,00:09:33,61,0.0,00:00,,,,0.00,,,
,00:09:34,61,0.0,00:00,,,,0.00,,,
,00:09:35,62,0.0,00:00,,,,0.00,,,
,00:09:36,62,0.0,00:00,,,,0.00,,,
,00:09:37,62,0.0,00:00,,,,0.00,,,
,00:09:38,61,0.0,00:00,,,,0.00,,,
,00:09:39,61,0.0,00:00,,,,0.00,,,
,00:09:40,61,0.0,00:00,,,,0.00,,,
,00:09:41,61,0.0,00:00,,,,0.00,,,
,00:09:42,60,0.0,00:00,,,,0.00,,,
,00:09:43,60,0.0,00:00,,,,0.00,,,
,00:09:44,60,0.0,00:00,,,,0.00,,,
,00:09:45,60,0.0,00:00,,,,0.00,,,
,00:09:46,61,0.0,00:00,,,,0.00,,,
,00:09:47,61,0.0,00:00,,,,0.00,,,
,00:09:48,62,0.0,00:00,,,,0.00,,,
,00:09:49,62,0.0,00:00,,,,0.00,,,
,00:09:50,62,0.0,00:00,,,,0.00,,,
,00:09:51,63,0.0,00:00,,,,0.00,,,
,00:09:52,64,0.0,00:00,,,,0.00,,,
,00:09:53,64,0.0,00:00,,,,0.00,,,
,00:09:54,64,0.0,00:00,,,,0.00,,,
,00:09:55,64,0.0,00:00,,,,0.00,,,
,00:09:56,64,0.0,00:00,,,,0.00,,,
,00:09:57,64,0.0,00:00,,,,0.00,,,
,00:09:58,64,0.0,00:00,,,,0.00,,,
,00:09:59,64,0.0,00:00,,,,0.00,,,
,00:10:00,64,0.0,00:00,,,,0.00,,,
,00:10:01,63,0.0,00:00,,,,0.00,,,
,00:10:02,63,0.0,00:00,,,,0.00,,,
,00:10:03,63,0.0,00:00,,,,0.00,,,
,00:10:04,62,0.0,00:00,,,,0.00,,,
,00:10:05,62,0.0,00:00,,,,0.00,,,
,00:10:06,62,0.0,00:00,,,,0.00,,,
,00:10:07,62,0.0,00:00,,,,0.00,,,
,00:10:08,62,0.0,00:00,,,,0.00,,,
,00:10:09,62,0.0,00:00,,,,0.00,,,
,00:10:10,62,0.0,00:00,,,,0.00,,,
,00:10:11,61,0.0,00:00,,,,0.00,,,
,00:10:12,61,0.0,00:00,,,,0.00,,,
,00:10:13,60,0.0,00:00,,,,0.00,,,
,00:10:14,60,0.0,00:00,,,,0.00,,,
,00:10:15,60,0.0,00:00,,,,0.00,,,
,00:10:16,60,0.0,00:00,,,,0.00,,,
,00:10:17,61,0.0,00:00,,,,0.00,,,
,00:10:18,62,0.0,00:00,,,,0.00,,,
,00:10:19,62,0.0,00:00,,,,0.00,,,
,00:10:20,63,0.0,00:00,,,,0.00,,,
,00:10:21,62,0.0,00:00,,,,0.00,,,
,00:10:22,62,0.0,00:00,,,,0.00,,,
,00:10:23,62,0.0,00:00,,,,0.00,,,
,00:10:24,62,0.0,00:00,,,,0.00,,,
,00:10:25,62,0.0,00:00,,,,0.00,,,
,00:10:26,62,0.0,00:00,,,,0.00,,,
,00:10:27,62,0.0,00:00,,,,0.00,,,
,00:10:28,62,0.0,00:00,,,,0.00,,,
,00:10:29,63,0.0,00:00,,,,0.00,,,
,00:10:30,63,0.0,00:00,,,,0.00,,,
,00:10:31,63,0.0,00:00,,,,0.00,,,
,00:10:32,62,0.0,00:00,,,,0.00,,,
,00:10:33,62,0.0,00:00,,,,0.00,,,
,00:10:34,62,0.0,00:00,,,,0.00,,,
,00:10:35,63,0.0,00:00,,,,0.00,,,
,00:10:36,63,0.0,00:00,,,,0.00,,,
,00:10:37,63,0.0,00:00,,,,0.00,,,
,00:10:38,63,0.0,00:00,,,,0.00,,,
,00:10:39,63,0.0,00:00,,,,0.00,,,
,00:10:40,63,0.0,00:00,,,,0.00,,,
,00:10:41,62,0.0,00:00,,,,0.00,,,
,00:10:42,62,0.0,00:00,,,,0.00,,,
,00:10:43,62,0.0,00:00,,,,0.00,,,
,00:10:44,62,0.0,00:00,,,,0.00,,,
,00:10:45,62,0.0,00:00,,,,0.00,,,
,00:10:46,63,0.0,00:00,,,,0.00,,,
,00:10:47,64,0.0,00:00,,,,0.00,,,
,00:10:48,65,0.0,00:00,,,,0.00,,,
,00:10:49,66,0.0,00:00,,,,0.00,,,
,00:10:50,67,0.0,00:00,,,,0.00,,,
,00:10:51,68,0.0,00:00,,,,0.00,,,
,00:10:52,68,0.0,00:00,,,,0.00,,,
,00:10:53,68,0.0,00:00,,,,0.00,,,
,00:10:54,68,0.0,00:00,,,,0.00,,,
,00:10:55,68,0.0,00:00,,,,0.00,,,
,00:10:56,68,0.0,00:00,,,,0.00,,,
,00:10:57,68,0.0,00:00,,,,0.00,,,
,00:10:58,67,0.0,00:00,,,,0.00,,,
,00:10:59,66,0.0,00:00,,,,0.00,,,
,00:11:00,66,0.0,00:00,,,,0.00,,,
,00:11:01,66,0.0,00:00,,,,0.00,,,
,00:11:02,66,0.0,00:00,,,,0.00,,,
,00:11:03,66,0.0,00:00,,,,0.00,,,
,00:11:04,66,0.0,00:00,,,,0.00,,,
,00:11:05,65,0.0,00:00,,,,0.00,,,
,00:11:06,65,0.0,00:00,,,,0.00,,,
,00:11:07,65,0.0,00:00,,,,0.00,,,
,00:11:08,65,0.0,00:00,,,,0.00,,,
,00:11:09,65,0.0,00:00,,,,0.00,,,
,00:11:10,66,0.0,00:00,,,,0.00,,,
,00:11:11,66,0.0,00:00,,,,0.00,,,
,00:11:12,67,0.0,00:00,,,,0.00,,,
,00:11:13,67,0.0,00:00,,,,0.00,,,
,00:11:14,68,0.0,00:00,,,,0.00,,,
,00:11:15,68,0.0,00:00,,,,0.00,,,
,00:11:16,68,0.0,00:00,,,,0.00,,,
,00:11:17,68,0.0,00:00,,,,0.00,,,
,00:11:18,68,0.0,00:00,,,,0.00,,,
,00:11:19,68,0.0,00:00,,,,0.00,,,
,00:11:20,68,0.0,00:00,,,,0.00,,,
,00:11:21,68,0.0,00:00,,,,0.00,,,
,00:11:22,68,0.0,00:00,,,,0.00,,,
,00:11:23,68,0.0,00:00,,,,0.00,,,
,00:11:24,69,0.0,00:00,,,,0.00,,,
,00:11:25,69,0.0,00:00,,,,0.00,,,
,00:11:26,70,0.0,00:00,,,,0.00,,,
,00:11:27,72,0.0,00:00,,,,0.00,,,
,00:11:28,73,0.0,00:00,,,,0.00,,,
,00:11:29,74,0.0,00:00,,,,0.00,,,
,00:11:30,75,0.0,00:00,,,,0.00,,,
,00:11:31,75,0.0,00:00,,,,0.00,,,
,00:11:32,75,0.0,00:00,,,,0.00,,,
,00:11:33,76,0.0,00:00,,,,0.00,,,
,00:11:34,76,0.0,00:00,,,,0.00,,,
,00:11:35,76,0.0,00:00,,,,0.00,,,
,00:11:36,76,0.0,00:00,,,,0.00,,,
,00:11:37,76,0.0,00:00,,,,0.00,,,
,00:11:38,76,0.0,00:00,,,,0.00,,,
,00:11:39,76,0.0,00:00,,,,0.00,,,
,00:11:40,76,0.0,00:00,,,,0.00,,,
,00:11:41,75,0.0,00:00,,,,0.00,,,
,00:11:42,75,0.0,00:00,,,,0.00,,,
,00:11:43,74,0.0,00:00,,,,0.00,,,
,00:11:44,74,0.0,00:00,,,,0.00,,,
,00:11:45,74,0.0,00:00,,,,0.00,,,
,00:11:46,75,0.0,00:00,,,,0.00,,,
,00:11:47,75,0.0,00:00,,,,0.00,,,
,00:11:48,76,0.0,00:00,,,,0.00,,,
,00:11:49,76,0.0,00:00,,,,0.00,,,
,00:11:50,76,0.0,00:00,,,,0.00,,,
,00:11:51,76,0.0,00:00,,,,0.00,,,
,00:11:52,75,0.0,00:00,,,,0.00,,,
,00:11:53,75,0.0,00:00,,,,0.00,,,
,00:11:54,74,0.0,00:00,,,,0.00,,,
,00:11:55,73,0.0,00:00,,,,0.00,,,
,00:11:56,73,0.0,00:00,,,,0.00,,,
,00:11:57,71,0.0,00:00,,,,0.00,,,
,00:11:58,70,0.0,00:00,,,,0.00,,,
,00:11:59,69,0.0,00:00,,,,0.00,,,
,00:12:00,68,0.0,00:00,,,,0.00,,,
,00:12:01,67,0.0,00:00,,,,0.00,,,
,00:12:02,66,0.0,00:00,,,,0.00,,,
,00:12:03,66,0.0,00:00,,,,0.00,,,
,00:12:04,67,0.0,00:00,,,,0.00,,,
,00:12:05,67,0.0,00:00,,,,0.00,,,
,00:12:06,68,0.0,00:00,,,,0.00,,,
,00:12:07,67,0.0,00:00,,,,0.00,,,
,00:12:08,66,0.0,00:00,,,,0.00,,,
,00:12:09,67,0.0,00:00,,,,0.00,,,
,00:12:10,68,0.0,00:00,,,,0.00,,,
,00:12:11,68,0.0,00:00,,,,0.00,,,
,00:12:12,69,0.0,00:00,,,,0.00,,,
,00:12:13,69,0.0,00:00,,,,0.00,,,
,00:12:14,69,0.0,00:00,,,,0.00,,,
,00:12:15,69,0.0,00:00,,,,0.00,,,
,00:12:16,69,0.0,00:00,,,,0.00,,,
,00:12:17,68,0.0,00:00,,,,0.00,,,
,00:12:18,68,0.0,00:00,,,,0.00,,,
,00:12:19,67,0.0,00:00,,,,0.00,,,
,00:12:20,67,0.0,00:00,,,,0.00,,,
,00:12:21,67,0.0,00:00,,,,0.00,,,
,00:12:22,66,0.0,00:00,,,,0.00,,,
,00:12:23,65,0.0,00:00,,,,0.00,,,
,00:12:24,64,0.0,00:00,,,,0.00,,,
,00:12:25,64,0.0,00:00,,,,0.00,,,
,00:12:26,63,0.0,00:00,,,,0.00,,,
,00:12:27,63,0.0,00:00,,,,0.00,,,
,00:12:28,63,0.0,00:00,,,,0.00,,,
,00:12:29,64,0.0,00:00,,,,0.00,,,
,00:12:30,65,0.0,00:00,,,,0.00,,,
,00:12:31,66,0.0,00:00,,,,0.00,,,
,00:12:32,66,0.0,00:00,,,,0.00,,,
,00:12:33,66,0.0,00:00,,,,0.00,,,
,00:12:34,66,0.0,00:00,,,,0.00,,,
,00:12:35,65,0.0,00:00,,,,0.00,,,
,00:12:36,65,0.0,00:00,,,,0.00,,,
,00:12:37,64,0.0,00:00,,,,0.00,,,
,00:12:38,64,0.0,00:00,,,,0.00,,,
,00:12:39,65,0.0,00:00,,,,0.00,,,
,00:12:40,65,0.0,00:00,,,,0.00,,,
,00:12:41,65,0.0,00:00,,,,0.00,,,
,00:12:42,65,0.0,00:00,,,,0.00,,,
,00:12:43,64,0.0,00:00,,,,0.00,,,
,00:12:44,64,0.0,00:00,,,,0.00,,,
,00:12:45,64,0.0,00:00,,,,0.00,,,
,00:12:46,64,0.0,00:00,,,,0.00,,,
,00:12:47,65,0.0,00:00,,,,0.00,,,
,00:12:48,66,0.0,00:00,,,,0.00,,,
,00:12:49,67,0.0,00:00,,,,0.00,,,
,00:12:50,68,0.0,00:00,,,,0.00,,,
,00:12:51,70,0.0,00:00,,,,0.00,,,
,00:12:52,71,0.0,00:00,,,,0.00,,,
,00:12:53,72,0.0,00:00,,,,0.00,,,
,00:12:54,73,0.0,00:00,,,,0.00,,,
,00:12:55,73,0.0,00:00,,,,0.00,,,
,00:12:56,74,0.0,00:00,,,,0.00,,,
,00:12:57,73,0.0,00:00,,,,0.00,,,
,00:12:58,73,0.0,00:00,,,,0.00,,,
,00:12:59,71,0.0,00:00,,,,0.00,,,
,00:13:00,70,0.0,00:00,,,,0.00,,,
,00:13:01,69,0.0,00:00,,,,0.00,,,
,00:13:02,68,0.0,00:00,,,,0.00,,,
,00:13:03,68,0.0,00:00,,,,0.00,,,
,00:13:04,68,0.0,00:00,,,,0.00,,,
,00:13:05,68,0.0,00:00,,,,0.00,,,
,00:13:06,68,0.0,00:00,,,,0.00,,,
,00:13:07,68,0.0,00:00,,,,0.00,,,
,00:13:08,69,0.0,00:00,,,,0.00,,,
,00:13:09,69,0.0,00:00,,,,0.00,,,
,00:13:10,69,0.0,00:00,,,,0.00,,,
,00:13:11,69,0.0,00:00,,,,0.00,,,
,00:13:12,69,0.0,00:00,,,,0.00,,,
,00:13:13,68,0.0,00:00,,,,0.00,,,
,00:13:14,67,0.0,00:00,,,,0.00,,,
,00:13:15,67,0.0,00:00,,,,0.00,,,
,00:13:16,66,0.0,00:00,,,,0.00,,,
,00:13:17,66,0.0,00:00,,,,0.00,,,
,00:13:18,66,0.0,00:00,,,,0.00,,,
,00:13:19,66,0.0,00:00,,,,0.00,,,
,00:13:20,65,0.0,00:00,,,,0.00,,,
,00:13:21,65,0.0,00:00,,,,0.00,,,
,00:13:22,64,0.0,00:00,,,,0.00,,,
,00:13:23,64,0.0,00:00,,,,0.00,,,
,00:13:24,64,0.0,00:00,,,,0.00,,,
,00:13:25,63,0.0,00:00,,,,0.00,,,
,00:13:26,63,0.0,00:00,,,,0.00,,,
,00:13:27,65,0.0,00:00,,,,0.00,,,
,00:13:28,66,0.0,00:00,,,,0.00,,,
,00:13:29,66,0.0,00:00,,,,0.00,,,
,00:13:30,67,0.0,00:00,,,,0.00,,,
,00:13:31,66,0.0,00:00,,,,0.00,,,
,00:13:32,65,0.0,00:00,,,,0.00,,,
,00:13:33,64,0.0,00:00,,,,0.00,,,
,00:13:34,63,0.0,00:00,,,,0.00,,,
,00:13:35,64,0.0,00:00,,,,0.00,,,
,00:13:36,64,0.0,00:00,,,,0.00,,,
,00:13:37,66,0.0,00:00,,,,0.00,,,
,00:13:38,67,0.0,00:00,,,,0.00,,,
,00:13:39,69,0.0,00:00,,,,0.00,,,
,00:13:40,71,0.0,00:00,,,,0.00,,,
,00:13:41,71,0.0,00:00,,,,0.00,,,
,00:13:42,72,0.0,00:00,,,,0.00,,,
,00:13:43,72,0.0,00:00,,,,0.00,,,
,00:13:44,72,0.0,00:00,,,,0.00,,,
,00:13:45,72,0.0,00:00,,,,0.00,,,
,00:13:46,71,0.0,00:00,,,,0.00,,,
,00:13:47,71,0.0,00:00,,,,0.00,,,
,00:13:48,71,0.0,00:00,,,,0.00,,,
,00:13:49,71,0.0,00:00,,,,0.00,,,
,00:13:50,71,0.0,00:00,,,,0.00,,,
,00:13:51,70,0.0,00:00,,,,0.00,,,
,00:13:52,70,0.0,00:00,,,,0.00,,,
,00:13:53,68,0.0,00:00,,,,0.00,,,
,00:13:54,67,0.0,00:00,,,,0.00,,,
,00:13:55,68,0.0,00:00,,,,0.00,,,
,00:13:56,69,0.0,00:00,,,,0.00,,,
,00:13:57,69,0.0,00:00,,,,0.00,,,
,00:13:58,70,0.0,00:00,,,,0.00,,,
,00:13:59,70,0.0,00:00,,,,0.00,,,
,00:14:00,71,0.0,00:00,,,,0.00,,,
,00:14:01,72,0.0,00:00,,,,0.00,,,
,00:14:02,72,0.0,00:00,,,,0.00,,,
,00:14:03,73,0.0,00:00,,,,0.00,,,
,00:14:04,73,0.0,00:00,,,,0.00,,,
,00:14:05,74,0.0,00:00,,,,0.00,,,
,00:14:06,75,0.0,00:00,,,,0.00,,,
,00:14:07,75,0.0,00:00,,,,0.00,,,
,00:14:08,76,0.0,00:00,,,,0.00,,,
,00:14:09,76,0.0,00:00,,,,0.00,,,
,00:14:10,75,0.0,00:00,,,,0.00,,,
,00:14:11,75,0.0,00:00,,,,0.00,,,
,00:14:12,75,0.0,00:00,,,,0.00,,,
,00:14:13,75,0.0,00:00,,,,0.00,,,
,00:14:14,75,0.0,00:00,,,,0.00,,,
,00:14:15,75,0.0,00:00,,,,0.00,,,
,00:14:16,76,0.0,00:00,,,,0.00,,,
,00:14:17,76,0.0,00:00,,,,0.00,,,
,00:14:18,75,0.0,00:00,,,,0.00,,,
,00:14:19,76,0.0,00:00,,,,0.00,,,
,00:14:20,76,0.0,00:00,,,,0.00,,,
,00:14:21,77,0.0,00:00,,,,0.00,,,
,00:14:22,77,0.0,00:00,,,,0.00,,,
,00:14:23,78,0.0,00:00,,,,0.00,,,
,00:14:24,79,0.0,00:00,,,,0.00,,,
,00:14:25,79,0.0,00:00,,,,0.00,,,
,00:14:26,80,0.0,00:00,,,,0.00,,,
,00:14:27,80,0.0,00:00,,,,0.00,,,
,00:14:28,80,0.0,00:00,,,,0.00,,,
,00:14:29,81,0.0,00:00,,,,0.00,,,
,00:14:30,82,0.0,00:00,,,,0.00,,,
,00:14:31,81,0.0,00:00,,,,0.00,,,
,00:14:32,80,0.0,00:00,,,,0.00,,,
,00:14:33,79,0.0,00:00,,,,0.00,,,
,00:14:34,78,0.0,00:00,,,,0.00,,,
,00:14:35,76,0.0,00:00,,,,0.00,,,
,00:14:36,75,0.0,00:00,,,,0.00,,,
,00:14:37,73,0.0,00:00,,,,0.00,,,
,00:14:38,72,0.0,00:00,,,,0.00,,,
,00:14:39,72,0.0,00:00,,,,0.00,,,
,00:14:40,72,0.0,00:00,,,,0.00,,,
,00:14:41,72,0.0,00:00,,,,0.00,,,
,00:14:42,72,0.0,00:00,,,,0.00,,,
,00:14:43,72,0.0,00:00,,,,0.00,,,
,00:14:44,72,0.0,00:00,,,,0.00,,,
,00:14:45,72,0.0,00:00,,,,0.00,,,
,00:14:46,72,0.0,00:00,,,,0.00,,,
,00:14:47,72,0.0,00:00,,,,0.00,,,
,00:14:48,72,0.0,00:00,,,,0.00,,,
,00:14:49,73,0.0,00:00,,,,0.00,,,
,00:14:50,73,0.0,00:00,,,,0.00,,,
,00:14:51,74,0.0,00:00,,,,0.00,,,
,00:14:52,75,0.0,00:00,,,,0.00,,,
,00:14:53,75,0.0,00:00,,,,0.00,,,
,00:14:54,74,0.0,00:00,,,,0.00,,,
,00:14:55,74,0.0,00:00,,,,0.00,,,
,00:14:56,74,0.0,00:00,,,,0.00,,,
,00:14:57,74,0.0,00:00,,,,0.00,,,
,00:14:58,74,0.0,00:00,,,,0.00,,,
,00:14:59,74,0.0,00:00,,,,0.00,,,
,00:15:00,75,0.0,00:00,,,,0.00,,,
,00:15:01,75,0.0,00:00,,,,0.00,,,
,00:15:02,76,0.0,00:00,,,,0.00,,,
,00:15:03,76,0.0,00:00,,,,0.00,,,
,00:15:04,77,0.0,00:00,,,,0.00,,,
,00:15:05,77,0.0,00:00,,,,0.00,,,
,00:15:06,76,0.0,00:00,,,,0.00,,,
,00:15:07,75,0.0,00:00,,,,0.00,,,
,00:15:08,74,0.0,00:00,,,,0.00,,,
,00:15:09,73,0.0,00:00,,,,0.00,,,
,00:15:10,73,0.0,00:00,,,,0.00,,,
,00:15:11,72,0.0,00:00,,,,0.00,,,
,00:15:12,71,0.0,00:00,,,,0.00,,,
,00:15:13,70,0.0,00:00,,,,0.00,,,
,00:15:14,69,0.0,00:00,,,,0.00,,,
,00:15:15,70,0.0,00:00,,,,0.00,,,
,00:15:16,70,0.0,00:00,,,,0.00,,,
,00:15:17,70,0.0,00:00,,,,0.00,,,
,00:15:18,70,0.0,00:00,,,,0.00,,,
,00:15:19,70,0.0,00:00,,,,0.00,,,
,00:15:20,70,0.0,00:00,,,,0.00,,,
,00:15:21,70,0.0,00:00,,,,0.00,,,
,00:15:22,69,0.0,00:00,,,,0.00,,,
,00:15:23,68,0.0,00:00,,,,0.00,,,
,00:15:24,68,0.0,00:00,,,,0.00,,,
,00:15:25,67,0.0,00:00,,,,0.00,,,
,00:15:26,67,0.0,00:00,,,,0.00,,,
,00:15:27,65,0.0,00:00,,,,0.00,,,
,00:15:28,64,0.0,00:00,,,,0.00,,,
,00:15:29,64,0.0,00:00,,,,0.00,,,
,00:15:30,64,0.0,00:00,,,,0.00,,,
,00:15:31,64,0.0,00:00,,,,0.00,,,
,00:15:32,65,0.0,00:00,,,,0.00,,,
,00:15:33,66,0.0,00:00,,,,0.00,,,
,00:15:34,68,0.0,00:00,,,,0.00,,,
,00:15:35,69,0.0,00:00,,,,0.00,,,
,00:15:36,71,0.0,00:00,,,,0.00,,,
,00:15:37,73,0.0,00:00,,,,0.00,,,
,00:15:38,74,0.0,00:00,,,,0.00,,,
,00:15:39,74,0.0,00:00,,,,0.00,,,
,00:15:40,73,0.0,00:00,,,,0.00,,,
,00:15:41,73,0.0,00:00,,,,0.00,,,
,00:15:42,73,0.0,00:00,,,,0.00,,,
,00:15:43,73,0.0,00:00,,,,0.00,,,
,00:15:44,73,0.0,00:00,,,,0.00,,,
,00:15:45,73,0.0,00:00,,,,0.00,,,
,00:15:46,72,0.0,00:00,,,,0.00,,,
,00:15:47,72,0.0,00:00,,,,0.00,,,
,00:15:48,73,0.0,00:00,,,,0.00,,,
,00:15:49,72,0.0,00:00,,,,0.00,,,
,00:15:50,72,0.0,00:00,,,,0.00,,,
,00:15:51,72,0.0,00:00,,,,0.00,,,
,00:15:52,72,0.0,00:00,,,,0.00,,,
,00:15:53,73,0.0,00:00,,,,0.00,,,
,00:15:54,74,0.0,00:00,,,,0.00,,,
,00:15:55,74,0.0,00:00,,,,0.00,,,
,00:15:56,74,0.0,00:00,,,,0.00,,,
,00:15:57,75,0.0,00:00,,,,0.00,,,
,00:15:58,75,0.0,00:00,,,,0.00,,,
,00:15:59,75,0.0,00:00,,,,0.00,,,
,00:16:00,75,0.0,00:00,,,,0.00,,,
,00:16:01,76,0.0,00:00,,,,0.00,,,
,00:16:02,76,0.0,00:00,,,,0.00,,,
,00:16:03,76,0.0,00:00,,,,0.00,,,
,00:16:04,77,0.0,00:00,,,,0.00,,,
,00:16:05,78,0.0,00:00,,,,0.00,,,
,00:16:06,79,0.0,00:00,,,,0.00,,,
,00:16:07,79,0.0,00:00,,,,0.00,,,
,00:16:08,79,0.0,00:00,,,,0.00,,,
,00:16:09,79,0.0,00:00,,,,0.00,,,
,00:16:10,79,0.0,00:00,,,,0.00,,,
,00:16:11,79,0.0,00:00,,,,0.00,,,
,00:16:12,80,0.0,00:00,,,,0.00,,,
,00:16:13,80,0.0,00:00,,,,0.00,,,
,00:16:14,80,0.0,00:00,,,,0.00,,,
,00:16:15,81,0.0,00:00,,,,0.00,,,
,00:16:16,81,0.0,00:00,,,,0.00,,,
,00:16:17,81,0.0,00:00,,,,0.00,,,
,00:16:18,80,0.0,00:00,,,,0.00,,,
,00:16:19,80,0.0,00:00,,,,0.00,,,
,00:16:20,79,0.0,00:00,,,,0.00,,,
,00:16:21,79,0.0,00:00,,,,0.00,,,
,00:16:22,79,0.0,00:00,,,,0.00,,,
,00:16:23,79,0.0,00:00,,,,0.00,,,
,00:16:24,79,0.0,00:00,,,,0.00,,,
,00:16:25,79,0.0,00:00,,,,0.00,,,
,00:16:26,79,0.0,00:00,,,,0.00,,,
,00:16:27,78,0.0,00:00,,,,0.00,,,
,00:16:28,78,0.0,00:00,,,,0.00,,,
,00:16:29,78,0.0,00:00,,,,0.00,,,
,00:16:30,78,0.0,00:00,,,,0.00,,,
,00:16:31,79,0.0,00:00,,,,0.00,,,
,00:16:32,79,0.0,00:00,,,,0.00,,,
,00:16:33,79,0.0,00:00,,,,0.00,,,
,00:16:34,79,0.0,00:00,,,,0.00,,,
,00:16:35,79,0.0,00:00,,,,0.00,,,
,00:16:36,78,0.0,00:00,,,,0.00,,,
,00:16:37,77,0.0,00:00,,,,0.00,,,
,00:16:38,77,0.0,00:00,,,,0.00,,,
,00:16:39,77,0.0,00:00,,,,0.00,,,
,00:16:40,76,0.0,00:00,,,,0.00,,,
,00:16:41,76,0.0,00:00,,,,0.00,,,
,00:16:42,76,0.0,00:00,,,,0.00,,,
,00:16:43,76,0.0,00:00,,,,0.00,,,
,00:16:44,77,0.0,00:00,,,,0.00,,,
,00:16:45,77,0.0,00:00,,,,0.00,,,
,00:16:46,77,0.0,00:00,,,,0.00,,,
,00:16:47,78,0.0,00:00,,,,0.00,,,
,00:16:48,78,0.0,00:00,,,,0.00,,,
,00:16:49,79,0.0,00:00,,,,0.00,,,
,00:16:50,79,0.0,00:00,,,,0.00,,,
,00:16:51,81,0.0,00:00,,,,0.00,,,
,00:16:52,82,0.0,00:00,,,,0.00,,,
,00:16:53,82,0.0,00:00,,,,0.00,,,
,00:16:54,83,0.0,00:00,,,,0.00,,,
,00:16:55,83,0.0,00:00,,,,0.00,,,
,00:16:56,83,0.0,00:00,,,,0.00,,,
,00:16:57,83,0.0,00:00,,,,0.00,,,
,00:16:58,83,0.0,00:00,,,,0.00,,,
,00:16:59,84,0.0,00:00,,,,0.00,,,
,00:17:00,84,0.0,00:00,,,,0.00,,,
,00:17:01,84,0.0,00:00,,,,0.00,,,
,00:17:02,84,0.0,00:00,,,,0.00,,,
,00:17:03,84,0.0,00:00,,,,0.00,,,
,00:17:04,84,0.0,00:00,,,,0.00,,,
,00:17:05,83,0.0,00:00,,,,0.00,,,
,00:17:06,83,0.0,00:00,,,,0.00,,,
,00:17:07,81,0.0,00:00,,,,0.00,,,
,00:17:08,80,0.0,00:00,,,,0.00,,,
,00:17:09,78,0.0,00:00,,,,0.00,,,
,00:17:10,77,0.0,00:00,,,,0.00,,,
,00:17:11,72,0.0,00:00,,,,0.00,,,
,00:17:12,70,0.0,00:00,,,,0.00,,,
,00:17:13,69,0.0,00:00,,,,0.00,,,
,00:17:14,68,0.0,00:00,,,,0.00,,,
,00:17:15,69,0.0,00:00,,,,0.00,,,
,00:17:16,69,0.0,00:00,,,,0.00,,,
,00:17:17,70,0.0,00:00,,,,0.00,,,
,00:17:18,70,0.0,00:00,,,,0.00,,,
,00:17:19,70,0.0,00:00,,,,0.00,,,
,00:17:20,70,0.0,00:00,,,,0.00,,,
,00:17:21,69,0.0,00:00,,,,0.00,,,
,00:17:22,69,0.0,00:00,,,,0.00,,,
,00:17:23,68,0.0,00:00,,,,0.00,,,
,00:17:24,67,0.0,00:00,,,,0.00,,,
,00:17:25,67,0.0,00:00,,,,0.00,,,
,00:17:26,66,0.0,00:00,,,,0.00,,,
,00:17:27,67,0.0,00:00,,,,0.00,,,
,00:17:28,68,0.0,00:00,,,,0.00,,,
,00:17:29,69,0.0,00:00,,,,0.00,,,
,00:17:30,70,0.0,00:00,,,,0.00,,,
,00:17:31,71,0.0,00:00,,,,0.00,,,
,00:17:32,73,0.0,00:00,,,,0.00,,,
,00:17:33,74,0.0,00:00,,,,0.00,,,
,00:17:34,75,0.0,00:00,,,,0.00,,,
,00:17:35,74,0.0,00:00,,,,0.00,,,
,00:17:36,74,0.0,00:00,,,,0.00,,,
,00:17:37,73,0.0,00:00,,,,0.00,,,
,00:17:38,73,0.0,00:00,,,,0.00,,,
,00:17:39,73,0.0,00:00,,,,0.00,,,
,00:17:40,73,0.0,00:00,,,,0.00,,,
,00:17:41,73,0.0,00:00,,,,0.00,,,
,00:17:42,73,0.0,00:00,,,,0.00,,,
,00:17:43,72,0.0,00:00,,,,0.00,,,
,00:17:44,72,0.0,00:00,,,,0.00,,,
,00:17:45,71,0.0,00:00,,,,0.00,,,
,00:17:46,70,0.0,00:00,,,,0.00,,,
,00:17:47,69,0.0,00:00,,,,0.00,,,
,00:17:48,69,0.0,00:00,,,,0.00,,,
,00:17:49,69,0.0,00:00,,,,0.00,,,
,00:17:50,69,0.0,00:00,,,,0.00,,,
,00:17:51,70,0.0,00:00,,,,0.00,,,
,00:17:52,71,0.0,00:00,,,,0.00,,,
,00:17:53,71,0.0,00:00,,,,0.00,,,
,00:17:54,72,0.0,00:00,,,,0.00,,,
,00:17:55,72,0.0,00:00,,,,0.00,,,
,00:17:56,73,0.0,00:00,,,,0.00,,,
,00:17:57,73,0.0,00:00,,,,0.00,,,
,00:17:58,73,0.0,00:00,,,,0.00,,,
,00:17:59,72,0.0,00:00,,,,0.00,,,
,00:18:00,71,0.0,00:00,,,,0.00,,,
,00:18:01,71,0.0,00:00,,,,0.00,,,
,00:18:02,70,0.0,00:00,,,,0.00,,,
,00:18:03,70,0.0,00:00,,,,0.00,,,
,00:18:04,70,0.0,00:00,,,,0.00,,,
,00:18:05,70,0.0,00:00,,,,0.00,,,
,00:18:06,71,0.0,00:00,,,,0.00,,,
,00:18:07,71,0.0,00:00,,,,0.00,,,
,00:18:08,72,0.0,00:00,,,,0.00,,,
,00:18:09,73,0.0,00:00,,,,0.00,,,
,00:18:10,74,0.0,00:00,,,,0.00,,,
,00:18:11,74,0.0,00:00,,,,0.00,,,
,00:18:12,75,0.0,00:00,,,,0.00,,,
,00:18:13,75,0.0,00:00,,,,0.00,,,
,00:18:14,75,0.0,00:00,,,,0.00,,,
,00:18:15,75,0.0,00:00,,,,0.00,,,
,00:18:16,75,0.0,00:00,,,,0.00,,,
,00:18:17,76,0.0,00:00,,,,0.00,,,
,00:18:18,76,0.0,00:00,,,,0.00,,,
,00:18:19,76,0.0,00:00,,,,0.00,,,
,00:18:20,77,0.0,00:00,,,,0.00,,,
,00:18:21,77,0.0,00:00,,,,0.00,,,
,00:18:22,78,0.0,00:00,,,,0.00,,,
,00:18:23,78,0.0,00:00,,,,0.00,,,
,00:18:24,77,0.0,00:00,,,,0.00,,,
,00:18:25,76,0.0,00:00,,,,0.00,,,
,00:18:26,76,0.0,00:00,,,,0.00,,,
,00:18:27,75,0.0,00:00,,,,0.00,,,
,00:18:28,75,0.0,00:00,,,,0.00,,,
,00:18:29,75,0.0,00:00,,,,0.00,,,
,00:18:30,74,0.0,00:00,,,,0.00,,,
,00:18:31,74,0.0,00:00,,,,0.00,,,
,00:18:32,74,0.0,00:00,,,,0.00,,,
,00:18:33,74,0.0,00:00,,,,0.00,,,
,00:18:34,74,0.0,00:00,,,,0.00,,,
,00:18:35,74,0.0,00:00,,,,0.00,,,
,00:18:36,74,0.0,00:00,,,,0.00,,,
,00:18:37,75,0.0,00:00,,,,0.00,,,
,00:18:38,75,0.0,00:00,,,,0.00,,,
,00:18:39,76,0.0,00:00,,,,0.00,,,
,00:18:40,77,0.0,00:00,,,,0.00,,,
,00:18:41,79,0.0,00:00,,,,0.00,,,
,00:18:42,80,0.0,00:00,,,,0.00,,,
,00:18:43,81,0.0,00:00,,,,0.00,,,
,00:18:44,81,0.0,00:00,,,,0.00,,,
,00:18:45,82,0.0,00:00,,,,0.00,,,
,00:18:46,82,0.0,00:00,,,,0.00,,,
,00:18:47,82,0.0,00:00,,,,0.00,,,
,00:18:48,82,0.0,00:00,,,,0.00,,,
,00:18:49,83,0.0,00:00,,,,0.00,,,
,00:18:50,83,0.0,00:00,,,,0.00,,,
,00:18:51,84,0.0,00:00,,,,0.00,,,
,00:18:52,84,0.0,00:00,,,,0.00,,,
,00:18:53,85,0.0,00:00,,,,0.00,,,
,00:18:54,86,0.0,00:00,,,,0.00,,,
,00:18:55,86,0.0,00:00,,,,0.00,,,
,00:18:56,86,0.0,00:00,,,,0.00,,,
,00:18:57,86,0.0,00:00,,,,0.00,,,
,00:18:58,86,0.0,00:00,,,,0.00,,,
,00:18:59,87,0.0,00:00,,,,0.00,,,
,00:19:00,88,0.0,00:00,,,,0.00,,,
,00:19:01,89,0.0,00:00,,,,0.00,,,
,00:19:02,90,0.0,00:00,,,,0.00,,,
,00:19:03,90,0.0,00:00,,,,0.00,,,
,00:19:04,90,0.0,00:00,,,,0.00,,,
,00:19:05,90,0.0,00:00,,,,0.00,,,
,00:19:06,89,0.0,00:00,,,,0.00,,,
,00:19:07,89,0.0,00:00,,,,0.00,,,
,00:19:08,89,0.0,00:00,,,,0.00,,,
,00:19:09,88,0.0,00:00,,,,0.00,,,
,00:19:10,88,0.0,00:00,,,,0.00,,,
,00:19:11,88,0.0,00:00,,,,0.00,,,
,00:19:12,87,0.0,00:00,,,,0.00,,,
,00:19:13,86,0.0,00:00,,,,0.00,,,
,00:19:14,85,0.0,00:00,,,,0.00,,,
,00:19:15,83,0.0,00:00,,,,0.00,,,
,00:19:16,81,0.0,00:00,,,,0.00,,,
,00:19:17,79,0.0,00:00,,,,0.00,,,
,00:19:18,77,0.0,00:00,,,,0.00,,,
,00:19:19,72,0.0,00:00,,,,0.00,,,
,00:19:20,69,0.0,00:00,,,,0.00,,,
,00:19:21,66,0.0,00:00,,,,0.00,,,
,00:19:22,64,0.0,00:00,,,,0.00,,,
,00:19:23,63,0.0,00:00,,,,0.00,,,
,00:19:24,62,0.0,00:00,,,,0.00,,,
,00:19:25,61,0.0,00:00,,,,0.00,,,
,00:19:26,61,0.0,00:00,,,,0.00,,,
,00:19:27,61,0.0,00:00,,,,0.00,,,
,00:19:28,61,0.0,00:00,,,,0.00,,,
,00:19:29,61,0.0,00:00,,,,0.00,,,
,00:19:30,61,0.0,00:00,,,,0.00,,,
,00:19:31,61,0.0,00:00,,,,0.00,,,
,00:19:32,61,0.0,00:00,,,,0.00,,,
,00:19:33,62,0.0,00:00,,,,0.00,,,
,00:19:34,62,0.0,00:00,,,,0.00,,,
,00:19:35,61,0.0,00:00,,,,0.00,,,
,00:19:36,61,0.0,00:00,,,,0.00,,,
,00:19:37,60,0.0,00:00,,,,0.00,,,
,00:19:38,59,0.0,00:00,,,,0.00,,,
,00:19:39,59,0.0,00:00,,,,0.00,,,
,00:19:40,58,0.0,00:00,,,,0.00,,,
,00:19:41,58,0.0,00:00,,,,0.00,,,
,00:19:42,58,0.0,00:00,,,,0.00,,,
,00:19:43,58,0.0,00:00,,,,0.00,,,
,00:19:44,58,0.0,00:00,,,,0.00,,,
,00:19:45,58,0.0,00:00,,,,0.00,,,
,00:19:46,58,0.0,00:00,,,,0.00,,,
,00:19:47,58,0.0,00:00,,,,0.00,,,
,00:19:48,59,0.0,00:00,,,,0.00,,,
,00:19:49,60,0.0,00:00,,,,0.00,,,
,00:19:50,60,0.0,00:00,,,,0.00,,,
,00:19:51,61,0.0,00:00,,,,0.00,,,
,00:19:52,62,0.0,00:00,,,,0.00,,,
,00:19:53,63,0.0,00:00,,,,0.00,,,
,00:19:54,65,0.0,00:00,,,,0.00,,,
,00:19:55,66,0.0,00:00,,,,0.00,,,
,00:19:56,67,0.0,00:00,,,,0.00,,,
,00:19:57,67,0.0,00:00,,,,0.00,,,
,00:19:58,67,0.0,00:00,,,,0.00,,,
,00:19:59,66,0.0,00:00,,,,0.00,,,
,00:20:00,65,0.0,00:00,,,,0.00,,,
,00:20:01,65,0.0,00:00,,,,0.00,,,
,00:20:02,65,0.0,00:00,,,,0.00,,,
,00:20:03,65,0.0,00:00,,,,0.00,,,
,00:20:04,64,0.0,00:00,,,,0.00,,,
,00:20:05,64,0.0,00:00,,,,0.00,,,
,00:20:06,64,0.0,00:00,,,,0.00,,,
,00:20:07,64,0.0,00:00,,,,0.00,,,
,00:20:08,64,0.0,00:00,,,,0.00,,,
,00:20:09,63,0.0,00:00,,,,0.00,,,
,00:20:10,62,0.0,00:00,,,,0.00,,,
,00:20:11,61,0.0,00:00,,,,0.00,,,
,00:20:12,60,0.0,00:00,,,,0.00,,,
,00:20:13,61,0.0,00:00,,,,0.00,,,
,00:20:14,62,0.0,00:00,,,,0.00,,,
,00:20:15,63,0.0,00:00,,,,0.00,,,
,00:20:16,63,0.0,00:00,,,,0.00,,,
,00:20:17,64,0.0,00:00,,,,0.00,,,
,00:20:18,64,0.0,00:00,,,,0.00,,,
,00:20:19,65,0.0,00:00,,,,0.00,,,
,00:20:20,66,0.0,00:00,,,,0.00,,,
,00:20:21,67,0.0,00:00,,,,0.00,,,
,00:20:22,68,0.0,00:00,,,,0.00,,,
,00:20:23,69,0.0,00:00,,,,0.00,,,
,00:20:24,71,0.0,00:00,,,,0.00,,,
,00:20:25,72,0.0,00:00,,,,0.00,,,
,00:20:26,74,0.0,00:00,,,,0.00,,,
,00:20:27,75,0.0,00:00,,,,0.00,,,
,00:20:28,76,0.0,00:00,,,,0.00,,,
,00:20:29,76,0.0,00:00,,,,0.00,,,
,00:20:30,77,0.0,00:00,,,,0.00,,,
,00:20:31,76,0.0,00:00,,,,0.00,,,
,00:20:32,75,0.0,00:00,,,,0.00,,,
,00:20:33,75,0.0,00:00,,,,0.00,,,
,00:20:34,74,0.0,00:00,,,,0.00,,,
,00:20:35,73,0.0,00:00,,,,0.00,,,
,00:20:36,72,0.0,00:00,,,,0.00,,,
,00:20:37,71,0.0,00:00,,,,0.00,,,
,00:20:38,70,0.0,00:00,,,,0.00,,,
,00:20:39,69,0.0,00:00,,,,0.00,,,
,00:20:40,69,0.0,00:00,,,,0.00,,,
,00:20:41,68,0.0,00:00,,,,0.00,,,
,00:20:42,68,0.0,00:00,,,,0.00,,,
,00:20:43,67,0.0,00:00,,,,0.00,,,
,00:20:44,67,0.0,00:00,,,,0.00,,,
,00:20:45,67,0.0,00:00,,,,0.00,,,
,00:20:46,67,0.0,00:00,,,,0.00,,,
,00:20:47,67,0.0,00:00,,,,0.00,,,
,00:20:48,67,0.0,00:00,,,,0.00,,,
,00:20:49,67,0.0,00:00,,,,0.00,,,
,00:20:50,68,0.0,00:00,,,,0.00,,,
,00:20:51,68,0.0,00:00,,,,0.00,,,
,00:20:52,69,0.0,00:00,,,,0.00,,,
,00:20:53,70,0.0,00:00,,,,0.00,,,
,00:20:54,71,0.0,00:00,,,,0.00,,,
,00:20:55,72,0.0,00:00,,,,0.00,,,
,00:20:56,72,0.0,00:00,,,,0.00,,,
,00:20:57,73,0.0,00:00,,,,0.00,,,
,00:20:58,74,0.0,00:00,,,,0.00,,,
,00:20:59,75,0.0,00:00,,,,0.00,,,
,00:21:00,76,0.0,00:00,,,,0.00,,,
,00:21:01,78,0.0,00:00,,,,0.00,,,
,00:21:02,79,0.0,00:00,,,,0.00,,,
,00:21:03,80,0.0,00:00,,,,0.00,,,
,00:21:04,81,0.0,00:00,,,,0.00,,,
,00:21:05,80,0.0,00:00,,,,0.00,,,
,00:21:06,79,0.0,00:00,,,,0.00,,,
,00:21:07,78,0.0,00:00,,,,0.00,,,
,00:21:08,77,0.0,00:00,,,,0.00,,,
,00:21:09,76,0.0,00:00,,,,0.00,,,
,00:21:10,75,0.0,00:00,,,,0.00,,,
,00:21:11,73,0.0,00:00,,,,0.00,,,
,00:21:12,72,0.0,00:00,,,,0.00,,,
,00:21:13,69,0.0,00:00,,,,0.00,,,
,00:21:14,68,0.0,00:00,,,,0.00,,,
,00:21:15,66,0.0,00:00,,,,0.00,,,
,00:21:16,65,0.0,00:00,,,,0.00,,,
,00:21:17,64,0.0,00:00,,,,0.00,,,
,00:21:18,63,0.0,00:00,,,,0.00,,,
,00:21:19,63,0.0,00:00,,,,0.00,,,
,00:21:20,63,0.0,00:00,,,,0.00,,,
,00:21:21,63,0.0,00:00,,,,0.00,,,
,00:21:22,64,0.0,00:00,,,,0.00,,,
,00:21:23,65,0.0,00:00,,,,0.00,,,
,00:21:24,65,0.0,00:00,,,,0.00,,,
,00:21:25,65,0.0,00:00,,,,0.00,,,
,00:21:26,66,0.0,00:00,,,,0.00,,,
,00:21:27,66,0.0,00:00,,,,0.00,,,
,00:21:28,66,0.0,00:00,,,,0.00,,,
,00:21:29,66,0.0,00:00,,,,0.00,,,
,00:21:30,67,0.0,00:00,,,,0.00,,,
,00:21:31,67,0.0,00:00,,,,0.00,,,
,00:21:32,68,0.0,00:00,,,,0.00,,,
,00:21:33,69,0.0,00:00,,,,0.00,,,
,00:21:34,69,0.0,00:00,,,,0.00,,,
,00:21:35,69,0.0,00:00,,,,0.00,,,
,00:21:36,69,0.0,00:00,,,,0.00,,,
,00:21:37,70,0.0,00:00,,,,0.00,,,
,00:21:38,71,0.0,00:00,,,,0.00,,,
,00:21:39,72,0.0,00:00,,,,0.00,,,
,00:21:40,73,0.0,00:00,,,,0.00,,,
,00:21:41,73,0.0,00:00,,,,0.00,,,
,00:21:42,73,0.0,00:00,,,,0.00,,,
,00:21:43,74,0.0,00:00,,,,0.00,,,
,00:21:44,74,0.0,00:00,,,,0.00,,,
,00:21:45,74,0.0,00:00,,,,0.00,,,
,00:21:46,74,0.0,00:00,,,,0.00,,,
,00:21:47,73,0.0,00:00,,,,0.00,,,
,00:21:48,73,0.0,00:00,,,,0.00,,,
,00:21:49,72,0.0,00:00,,,,0.00,,,
,00:21:50,72,0.0,00:00,,,,0.00,,,
,00:21:51,72,0.0,00:00,,,,0.00,,,
,00:21:52,72,0.0,00:00,,,,0.00,,,
,00:21:53,72,0.0,00:00,,,,0.00,,,
,00:21:54,72,0.0,00:00,,,,0.00,,,
,00:21:55,73,0.0,00:00,,,,0.00,,,
,00:21:56,74,0.0,00:00,,,,0.00,,,
,00:21:57,76,0.0,00:00,,,,0.00,,,
,00:21:58,77,0.0,00:00,,,,0.00,,,
,00:21:59,77,0.0,00:00,,,,0.00,,,
,00:22:00,78,0.0,00:00,,,,0.00,,,
,00:22:01,77,0.0,00:00,,,,0.00,,,
,00:22:02,76,0.0,00:00,,,,0.00,,,
,00:22:03,74,0.0,00:00,,,,0.00,,,
,00:22:04,73,0.0,00:00,,,,0.00,,,
,00:22:05,72,0.0,00:00,,,,0.00,,,
,00:22:06,71,0.0,00:00,,,,0.00,,,
,00:22:07,72,0.0,00:00,,,,0.00,,,
,00:22:08,73,0.0,00:00,,,,0.00,,,
,00:22:09,75,0.0,00:00,,,,0.00,,,
,00:22:10,76,0.0,00:00,,,,0.00,,,
,00:22:11,78,0.0,00:00,,,,0.00,,,
,00:22:12,80,0.0,00:00,,,,0.00,,,
,00:22:13,81,0.0,00:00,,,,0.00,,,
,00:22:14,83,0.0,00:00,,,,0.00,,,
,00:22:15,82,0.0,00:00,,,,0.00,,,
,00:22:16,82,0.0,00:00,,,,0.00,,,
,00:22:17,81,0.0,00:00,,,,0.00,,,
,00:22:18,80,0.0,00:00,,,,0.00,,,
,00:22:19,79,0.0,00:00,,,,0.00,,,
,00:22:20,78,0.0,00:00,,,,0.00,,,
,00:22:21,77,0.0,00:00,,,,0.00,,,
,00:22:22,76,0.0,00:00,,,,0.00,,,
,00:22:23,75,0.0,00:00,,,,0.00,,,
,00:22:24,74,0.0,00:00,,,,0.00,,,
,00:22:25,74,0.0,00:00,,,,0.00,,,
,00:22:26,73,0.0,00:00,,,,0.00,,,
,00:22:27,73,0.0,00:00,,,,0.00,,,
,00:22:28,72,0.0,00:00,,,,0.00,,,
,00:22:29,72,0.0,00:00,,,,0.00,,,
,00:22:30,71,0.0,00:00,,,,0.00,,,
,00:22:31,72,0.0,00:00,,,,0.00,,,
,00:22:32,72,0.0,00:00,,,,0.00,,,
,00:22:33,72,0.0,00:00,,,,0.00,,,
,00:22:34,73,0.0,00:00,,,,0.00,,,
,00:22:35,72,0.0,00:00,,,,0.00,,,
,00:22:36,72,0.0,00:00,,,,0.00,,,
,00:22:37,72,0.0,00:00,,,,0.00,,,
,00:22:38,71,0.0,00:00,,,,0.00,,,
,00:22:39,71,0.0,00:00,,,,0.00,,,
,00:22:40,71,0.0,00:00,,,,0.00,,,
,00:22:41,71,0.0,00:00,,,,0.00,,,
,00:22:42,71,0.0,00:00,,,,0.00,,,
,00:22:43,72,0.0,00:00,,,,0.00,,,
,00:22:44,73,0.0,00:00,,,,0.00,,,
,00:22:45,73,0.0,00:00,,,,0.00,,,
,00:22:46,73,0.0,00:00,,,,0.00,,,
,00:22:47,74,0.0,00:00,,,,0.00,,,
,00:22:48,74,0.0,00:00,,,,0.00,,,
,00:22:49,74,0.0,00:00,,,,0.00,,,
,00:22:50,74,0.0,00:00,,,,0.00,,,
,00:22:51,74,0.0,00:00,,,,0.00,,,
,00:22:52,74,0.0,00:00,,,,0.00,,,
,00:22:53,74,0.0,00:00,,,,0.00,,,
,00:22:54,75,0.0,00:00,,,,0.00,,,
,00:22:55,75,0.0,00:00,,,,0.00,,,
,00:22:56,76,0.0,00:00,,,,0.00,,,
,00:22:57,76,0.0,00:00,,,,0.00,,,
,00:22:58,76,0.0,00:00,,,,0.00,,,
,00:22:59,75,0.0,00:00,,,,0.00,,,
,00:23:00,74,0.0,00:00,,,,0.00,,,
,00:23:01,73,0.0,00:00,,,,0.00,,,
,00:23:02,72,0.0,00:00,,,,0.00,,,
,00:23:03,71,0.0,00:00,,,,0.00,,,
,00:23:04,70,0.0,00:00,,,,0.00,,,
,00:23:05,68,0.0,00:00,,,,0.00,,,
,00:23:06,67,0.0,00:00,,,,0.00,,,
,00:23:07,66,0.0,00:00,,,,0.00,,,
,00:23:08,66,0.0,00:00,,,,0.00,,,
,00:23:09,65,0.9,64:06,,,,0.79,,,
,00:23:10,64,2.3,25:46,,,,1.58,,,
,00:23:11,63,2.3,25:44,,,,2.37,,,
,00:23:12,63,1.8,32:34,,,,3.16,,,
,00:23:13,62,1.5,39:34,,,,3.95,,,
,00:23:14,61,0.0,00:00,,,,4.74,,,
,00:23:15,61,0.0,00:00,,,,5.53,,,
,00:23:16,61,0.0,00:00,,,,6.32,,,
,00:23:17,61,0.0,00:00,,,,7.11,,,
,00:23:18,61,0.0,00:00,,,,7.90,,,
,00:23:19,61,0.0,00:00,,,,8.69,,,
,00:23:20,61,0.0,00:00,,,,9.48,,,
,00:23:21,62,0.0,00:00,,,,10.27,,,
,00:23:22,62,0.0,00:00,,,,11.06,,,
,00:23:23,62,0.0,00:00,,,,11.85,,,
,00:23:24,63,0.0,00:00,,,,12.64,,,
,00:23:25,63,0.0,00:00,,,,13.43,,,
,00:23:26,63,0.0,00:00,,,,14.22,,,
,00:23:27,63,0.0,00:00,,,,15.01,,,
,00:23:28,63,0.0,00:00,,,,15.80,,,
,00:23:29,64,0.0,00:00,,,,16.59,,,
,00:23:30,65,0.0,00:00,,,,17.38,,,
,00:23:31,67,0.0,00:00,,,,18.17,,,
,00:23:32,68,0.0,00:00,,,,18.96,,,
,00:23:33,69,0.7,87:43,,,,19.40,,,
,00:23:34,70,0.0,00:00,,,,19.70,,,
,00:23:35,70,0.0,00:00,,,,20.10,,,
,00:23:36,70,0.0,00:00,,,,20.89,,,
,00:23:37,70,0.0,00:00,,,,21.60,,,
,00:23:38,70,0.0,00:00,,,,22.20,,,
,00:23:39,71,0.0,00:00,,,,22.40,,,
,00:23:40,71,0.0,00:00,,,,23.00,,,
,00:23:41,72,0.0,00:00,,,,23.30,,,
,00:23:42,72,0.0,00:00,,,,23.90,,,
,00:23:43,71,0.0,00:00,,,,24.10,,,
,00:23:44,71,0.0,00:00,,,,24.60,,,
,00:23:45,69,0.0,00:00,,,,24.80,,,
,00:23:46,67,0.0,00:00,,,,25.00,,,
,00:23:47,65,0.0,00:00,,,,25.00,,,
,00:23:48,64,0.0,00:00,,,,25.20,,,
,00:23:49,63,0.0,00:00,,,,25.30,,,
,00:23:50,62,0.0,00:00,,,,26.00,,,
,00:23:51,61,0.0,00:00,,,,26.20,,,
,00:23:52,61,0.0,00:00,,,,26.30,,,
,00:23:53,61,2.8,21:06,,,,27.09,,,
,00:23:54,61,0.0,00:00,,,,27.88,,,
,00:23:55,61,0.0,00:00,,,,28.50,,,
,00:23:56,61,0.0,00:00,,,,28.70,,,
,00:23:57,60,0.0,00:00,,,,29.20,,,
,00:23:58,60,0.0,00:00,,,,29.99,,,
,00:23:59,60,0.0,00:00,,,,30.40,,,
,00:24:00,60,0.0,00:00,,,,31.19,,,
,00:24:01,60,0.0,00:00,,,,31.98,,,
,00:24:02,60,0.0,00:00,,,,32.40,,,
,00:24:03,60,0.0,00:00,,,,32.70,,,
,00:24:04,60,0.0,00:00,,,,33.49,,,
,00:24:05,60,0.0,00:00,,,,34.28,,,
,00:24:06,60,0.0,00:00,,,,34.50,,,
,00:24:07,60,0.0,00:00,,,,35.29,,,
,00:24:08,60,0.0,00:00,,,,36.08,,,
,00:24:09,60,0.0,00:00,,,,36.30,,,
,00:24:10,60,0.0,00:00,,,,36.30,,,
,00:24:11,61,0.0,00:00,,,,36.40,,,
,00:24:12,61,0.0,00:00,,,,36.60,,,
,00:24:13,61,0.0,00:00,,,,37.00,,,
,00:24:14,62,0.0,00:00,,,,37.70,,,
,00:24:15,63,0.0,00:00,,,,38.40,,,
,00:24:16,63,0.0,00:00,,,,39.00,,,
,00:24:17,63,0.0,00:00,,,,39.20,,,
,00:24:18,64,0.0,00:00,,,,39.80,,,
,00:24:19,64,0.0,00:00,,,,40.10,,,
,00:24:20,64,0.0,00:00,,,,40.80,,,
,00:24:21,64,0.0,00:00,,,,41.59,,,
,00:24:22,64,0.0,00:00,,,,42.38,,,
,00:24:23,64,0.0,00:00,,,,43.17,,,
,00:24:24,64,0.0,00:00,,,,43.70,,,
,00:24:25,64,0.0,00:00,,,,43.80,,,
,00:24:26,64,0.0,00:00,,,,43.80,,,
,00:24:27,65,0.0,00:00,,,,44.20,,,
,00:24:28,65,0.0,00:00,,,,44.20,,,
,00:24:29,65,0.0,00:00,,,,44.90,,,
,00:24:30,66,0.0,00:00,,,,44.90,,,
,00:24:31,66,0.0,00:00,,,,45.10,,,
,00:24:32,65,0.0,00:00,,,,45.30,,,
,00:24:33,66,0.0,00:00,,,,45.40,,,
,00:24:34,66,0.0,00:00,,,,45.60,,,
,00:24:35,66,0.0,00:00,,,,45.60,,,
,00:24:36,66,0.0,00:00,,,,45.80,,,
,00:24:37,67,0.0,00:00,,,,45.90,,,
,00:24:38,67,0.0,00:00,,,,46.40,,,
,00:24:39,68,0.0,00:00,,,,46.80,,,
,00:24:40,69,0.0,00:00,,,,47.30,,,
,00:24:41,69,0.0,00:00,,,,47.40,,,
,00:24:42,70,0.0,00:00,,,,47.50,,,
,00:24:43,71,0.0,00:00,,,,47.80,,,
,00:24:44,72,0.0,00:00,,,,48.00,,,
,00:24:45,72,0.0,00:00,,,,48.40,,,
,00:24:46,72,0.0,00:00,,,,48.50,,,
,00:24:47,72,0.0,00:00,,,,49.10,,,
,00:24:48,71,0.0,00:00,,,,49.10,,,
,00:24:49,70,0.0,00:00,,,,49.30,,,
,00:24:50,70,0.8,75:45,,,,49.50,,,
,00:24:51,69,0.0,00:00,,,,49.60,,,
,00:24:52,68,0.0,00:00,,,,49.80,,,
,00:24:53,67,0.0,00:00,,,,50.30,,,
,00:24:54,66,0.0,00:00,,,,50.40,,,
,00:24:55,66,0.0,00:00,,,,50.80,,,
,00:24:56,66,0.0,00:00,,,,50.90,,,
,00:24:57,67,0.0,00:00,,,,51.40,,,
,00:24:58,68,0.0,00:00,,,,51.90,,,
,00:24:59,68,0.0,00:00,,,,52.60,,,
,00:25:00,69,0.0,00:00,,,,52.70,,,
,00:25:01,68,0.0,00:00,,,,53.49,,,
,00:25:02,67,0.0,00:00,,,,53.70,,,
,00:25:03,67,0.0,00:00,,,,54.00,,,
,00:25:04,66,0.0,00:00,,,,54.60,,,
,00:25:05,67,0.0,00:00,,,,55.39,,,
,00:25:06,68,0.0,00:00,,,,56.00,,,
,00:25:07,69,0.0,00:00,,,,56.20,,,
,00:25:08,69,0.0,00:00,,,,56.20,,,
,00:25:09,69,0.0,00:00,,,,56.50,,,
,00:25:10,69,0.0,00:00,,,,56.60,,,
,00:25:11,69,0.0,00:00,,,,56.80,,,
,00:25:12,69,0.0,00:00,,,,57.10,,,
,00:25:13,68,0.0,00:00,,,,57.30,,,
,00:25:14,68,0.0,00:00,,,,57.50,,,
,00:25:15,67,0.0,00:00,,,,57.60,,,
,00:25:16,67,0.0,00:00,,,,57.60,,,
,00:25:17,66,0.0,00:00,,,,57.70,,,
,00:25:18,66,0.0,00:00,,,,57.80,,,
,00:25:19,65,0.0,00:00,,,,57.90,,,
,00:25:20,65,0.0,00:00,,,,58.10,,,
,00:25:21,65,0.0,00:00,,,,58.70,,,
,00:25:22,65,0.0,00:00,,,,59.49,,,
,00:25:23,65,0.0,00:00,,,,60.28,,,
,00:25:24,65,0.0,00:00,,,,61.07,,,
,00:25:25,65,0.0,00:00,,,,61.86,,,
,00:25:26,65,0.0,00:00,,,,62.65,,,
,00:25:27,65,0.0,00:00,,,,63.30,,,
,00:25:28,65,0.0,00:00,,,,63.70,,,
,00:25:29,65,0.0,00:00,,,,63.90,,,
,00:25:30,65,0.0,00:00,,,,64.20,,,
,00:25:31,65,0.0,00:00,,,,64.30,,,
,00:25:32,65,0.0,00:00,,,,64.30,,,
,00:25:33,65,0.0,00:00,,,,64.40,,,
,00:25:34,66,0.0,00:00,,,,64.60,,,
,00:25:35,66,0.0,00:00,,,,64.60,,,
,00:25:36,66,0.0,00:00,,,,65.20,,,
,00:25:37,67,0.0,00:00,,,,65.30,,,
,00:25:38,67,0.0,00:00,,,,66.09,,,
,00:25:39,67,0.0,00:00,,,,66.88,,,
,00:25:40,67,0.0,00:00,,,,67.40,,,
,00:25:41,67,0.0,00:00,,,,68.19,,,
,00:25:42,68,0.0,00:00,,,,68.50,,,
,00:25:43,69,0.0,00:00,,,,68.90,,,
,00:25:44,70,0.0,00:00,,,,69.00,,,
,00:25:45,72,0.0,00:00,,,,69.00,,,
,00:25:46,74,0.0,00:00,,,,69.20,,,
,00:25:47,76,0.0,00:00,,,,69.30,,,
,00:25:48,77,0.0,00:00,,,,69.70,,,
,00:25:49,79,0.0,00:00,,,,70.10,,,
,00:25:50,80,0.0,00:00,,,,70.30,,,
,00:25:51,80,0.0,00:00,,,,70.40,,,
,00:25:52,79,0.0,00:00,,,,70.40,,,
,00:25:53,78,0.0,00:00,,,,70.50,,,
,00:25:54,77,0.0,00:00,,,,70.60,,,
,00:25:55,75,0.0,00:00,,,,70.60,,,
,00:25:56,75,0.0,00:00,,,,70.60,,,
,00:25:57,74,0.0,00:00,,,,70.60,,,
,00:25:58,73,0.0,00:00,,,,70.60,,,
,00:25:59,73,0.0,00:00,,,,70.60,,,
,00:26:00,72,0.0,00:00,,,,70.60,,,
,00:26:01,71,0.0,00:00,,,,70.60,,,
,00:26:02,70,0.0,00:00,,,,70.70,,,
,00:26:03,68,0.0,00:00,,,,70.70,,,
,00:26:04,67,0.0,00:00,,,,70.70,,,
,00:26:05,67,0.0,00:00,,,,70.70,,,
,00:26:06,67,0.0,00:00,,,,70.70,,,
,00:26:07,66,0.0,00:00,,,,70.70,,,
,00:26:08,66,0.0,00:00,,,,70.70,,,
,00:26:09,66,0.0,00:00,,,,70.70,,,
,00:26:10,66,0.0,00:00,,,,70.70,,,
,00:26:11,68,0.0,00:00,,,,70.70,,,
,00:26:12,69,0.0,00:00,,,,70.70,,,
,00:26:13,70,0.0,00:00,,,,70.70,,,
,00:26:14,71,0.0,00:00,,,,70.70,,,
,00:26:15,72,0.0,00:00,,,,70.70,,,
,00:26:16,73,0.0,00:00,,,,70.70,,,
,00:26:17,73,0.0,00:00,,,,70.70,,,
,00:26:18,72,0.0,00:00,,,,70.70,,,
,00:26:19,72,0.0,00:00,,,,70.70,,,
,00:26:20,72,0.0,00:00,,,,70.70,,,
,00:26:21,72,0.0,00:00,,,,70.70,,,
,00:26:22,72,0.0,00:00,,,,70.70,,,
,00:26:23,72,0.0,00:00,,,,70.70,,,
,00:26:24,72,0.0,00:00,,,,70.70,,,
,00:26:25,72,0.0,00:00,,,,70.70,,,
,00:26:26,71,0.0,00:00,,,,70.70,,,
,00:26:27,72,0.0,00:00,,,,70.70,,,
,00:26:28,72,0.0,00:00,,,,70.70,,,
,00:26:29,73,0.0,00:00,,,,70.70,,,
,00:26:30,74,0.0,00:00,,,,70.70,,,
,00:26:31,73,0.0,00:00,,,,70.70,,,
,00:26:32,72,0.0,00:00,,,,70.70,,,
,00:26:33,71,0.0,00:00,,,,70.70,,,
,00:26:34,71,0.0,00:00,,,,70.70,,,
,00:26:35,71,0.0,00:00,,,,70.70,,,
,00:26:36,70,0.0,00:00,,,,70.70,,,
,00:26:37,71,0.0,00:00,,,,70.70,,,
,00:26:38,71,0.0,00:00,,,,70.70,,,
,00:26:39,72,0.0,00:00,,,,70.70,,,
,00:26:40,73,0.0,00:00,,,,70.70,,,
,00:26:41,73,0.0,00:00,,,,70.70,,,
,00:26:42,74,0.0,00:00,,,,70.80,,,
,00:26:43,74,0.0,00:00,,,,70.80,,,
,00:26:44,75,0.0,00:00,,,,70.80,,,
,00:26:45,76,0.0,00:00,,,,70.80,,,
,00:26:46,76,0.0,00:00,,,,70.80,,,
,00:26:47,77,0.0,00:00,,,,70.80,,,
,00:26:48,77,0.0,00:00,,,,70.80,,,
,00:26:49,77,0.0,00:00,,,,70.80,,,
,00:26:50,77,0.0,00:00,,,,70.80,,,
,00:26:51,77,0.0,00:00,,,,70.80,,,
,00:26:52,77,0.0,00:00,,,,70.80,,,
,00:26:53,77,0.0,00:00,,,,70.80,,,
,00:26:54,77,0.0,00:00,,,,70.80,,,
,00:26:55,76,0.0,00:00,,,,70.80,,,
,00:26:56,76,0.0,00:00,,,,70.80,,,
,00:26:57,76,0.0,00:00,,,,70.80,,,
,00:26:58,76,0.0,00:00,,,,70.80,,,
,00:26:59,77,0.0,00:00,,,,70.80,,,
,00:27:00,77,0.9,69:27,,,,71.10,,,
,00:27:01,77,0.0,00:00,,,,71.60,,,
,00:27:02,77,0.0,00:00,,,,72.30,,,
,00:27:03,78,0.0,00:00,,,,72.60,,,
,00:27:04,78,0.5,111:07,,,,72.90,,,
,00:27:05,77,0.0,00:00,,,,73.50,,,
,00:27:06,77,0.0,00:00,,,,73.60,,,
,00:27:07,76,0.0,00:00,,,,74.00,,,
,00:27:08,75,0.9,69:27,,,,74.30,,,
,00:27:09,73,0.0,00:00,,,,75.09,,,
,00:27:10,72,0.6,104:10,,,,75.40,,,
,00:27:11,70,0.0,00:00,,,,76.00,,,
,00:27:12,68,0.0,00:00,,,,76.50,,,
,00:27:13,66,0.0,00:00,,,,76.60,,,
,00:27:14,65,0.0,00:00,,,,77.10,,,
,00:27:15,64,0.0,00:00,,,,77.40,,,
,00:27:16,63,0.0,00:00,,,,77.40,,,
,00:27:17,62,0.0,00:00,,,,77.90,,,
,00:27:18,62,0.0,00:00,,,,78.69,,,
,00:27:19,63,0.0,00:00,,,,79.48,,,
,00:27:20,63,2.0,29:46,,,,80.27,,,
,00:27:21,63,0.0,00:00,,,,81.06,,,
,00:27:22,64,0.0,00:00,,,,81.20,,,
,00:27:23,64,0.0,00:00,,,,81.50,,,
,00:27:24,65,0.0,00:00,,,,81.70,,,
,00:27:25,66,0.0,00:00,,,,81.80,,,
,00:27:26,67,0.0,00:00,,,,82.00,,,
,00:27:27,67,0.0,00:00,,,,82.00,,,
,00:27:28,68,0.0,00:00,,,,82.00,,,
,00:27:29,68,0.0,00:00,,,,82.10,,,
,00:27:30,69,0.0,00:00,,,,82.10,,,
,00:27:31,69,0.0,00:00,,,,82.40,,,
,00:27:32,70,0.0,00:00,,,,82.70,,,
,00:27:33,69,0.0,00:00,,,,82.80,,,
,00:27:34,69,0.7,87:43,,,,82.90,,,
,00:27:35,68,0.0,00:00,,,,83.30,,,
,00:27:36,68,0.0,00:00,,,,83.40,,,
,00:27:37,67,0.0,00:00,,,,83.50,,,
,00:27:38,67,0.0,00:00,,,,83.50,,,
,00:27:39,67,0.0,00:00,,,,83.50,,,
,00:27:40,68,1.8,34:01,,,,83.60,,,
,00:27:41,69,0.0,00:00,,,,83.80,,,
,00:27:42,69,0.0,00:00,,,,84.40,,,
,00:27:43,70,0.0,00:00,,,,84.80,,,
,00:27:44,71,0.0,00:00,,,,84.90,,,
,00:27:45,73,0.0,00:00,,,,84.90,,,
,00:27:46,74,0.0,00:00,,,,85.30,,,
,00:27:47,76,0.0,00:00,,,,85.40,,,
,00:27:48,77,0.7,83:20,,,,86.19,,,
,00:27:49,77,0.0,00:00,,,,86.98,,,
,00:27:50,76,0.0,00:00,,,,87.77,,,
,00:27:51,75,0.0,00:00,,,,88.56,,,
,00:27:52,75,0.0,00:00,,,,89.10,,,
,00:27:53,74,0.0,00:00,,,,89.40,,,
,00:27:54,73,0.0,00:00,,,,89.60,,,
,00:27:55,74,0.0,00:00,,,,89.70,,,
,00:27:56,75,0.0,00:00,,,,89.70,,,
,00:27:57,76,0.0,00:00,,,,90.00,,,
,00:27:58,77,0.0,00:00,,,,90.20,,,
,00:27:59,76,0.0,00:00,,,,90.40,,,
,00:28:00,75,0.0,00:00,,,,90.50,,,
,00:28:01,73,0.0,00:00,,,,90.60,,,
,00:28:02,72,0.0,00:00,,,,90.70,,,
,00:28:03,72,0.0,00:00,,,,90.80,,,
,00:28:04,71,0.0,00:00,,,,90.80,,,
,00:28:05,70,0.0,00:00,,,,90.90,,,
,00:28:06,70,0.0,00:00,,,,90.90,,,
,00:28:07,71,0.0,00:00,,,,90.90,,,
,00:28:08,71,0.0,00:00,,,,90.90,,,
,00:28:09,71,0.0,00:00,,,,90.90,,,
,00:28:10,71,0.0,00:00,,,,90.90,,,
,00:28:11,70,0.0,00:00,,,,90.90,,,
,00:28:12,69,0.0,00:00,,,,90.90,,,
,00:28:13,68,0.0,00:00,,,,90.90,,,
,00:28:14,67,0.0,00:00,,,,90.90,,,
,00:28:15,67,0.0,00:00,,,,90.90,,,
,00:28:16,67,0.0,00:00,,,,90.90,,,
,00:28:17,66,0.0,00:00,,,,91.10,,,
,00:28:18,66,0.0,00:00,,,,91.89,,,
,00:28:19,66,0.0,00:00,,,,92.68,,,
,00:28:20,66,0.6,98:02,,,,93.30,,,
,00:28:21,66,0.0,00:00,,,,94.00,,,
,00:28:22,65,0.8,72:28,,,,94.79,,,
,00:28:23,64,0.0,00:00,,,,95.58,,,
,00:28:24,62,0.0,00:00,,,,96.37,,,
,00:28:25,62,0.0,00:00,,,,97.16,,,
,00:28:26,61,0.0,00:00,,,,97.95,,,
,00:28:27,62,0.0,00:00,,,,98.74,,,
,00:28:28,62,0.0,00:00,,,,99.53,,,
,00:28:29,63,0.0,00:00,,,,100.20,,,
,00:28:30,63,0.0,00:00,,,,100.30,,,
,00:28:31,65,0.0,00:00,,,,100.70,,,
,00:28:32,66,0.0,00:00,,,,101.10,,,
,00:28:33,68,0.0,00:00,,,,101.30,,,
,00:28:34,70,0.0,00:00,,,,101.70,,,
,00:28:35,71,0.0,00:00,,,,101.90,,,
,00:28:36,71,0.0,00:00,,,,102.00,,,
,00:28:37,70,0.0,00:00,,,,102.30,,,
,00:28:38,69,0.0,00:00,,,,102.50,,,
,00:28:39,68,0.0,00:00,,,,102.80,,,
,00:28:40,67,0.0,00:00,,,,103.00,,,
,00:28:41,67,0.0,00:00,,,,103.10,,,
,00:28:42,68,0.0,00:00,,,,103.50,,,
,00:28:43,69,0.0,00:00,,,,104.00,,,
,00:28:44,69,0.0,00:00,,,,104.79,,,
,00:28:45,69,0.0,00:00,,,,105.00,,,
,00:28:46,69,0.0,00:00,,,,105.79,,,
,00:28:47,67,0.0,00:00,,,,106.40,,,
,00:28:48,66,0.0,00:00,,,,107.00,,,
,00:28:49,67,0.0,00:00,,,,107.00,,,
,00:28:50,68,0.0,00:00,,,,107.50,,,
,00:28:51,68,0.0,00:00,,,,107.90,,,
,00:28:52,68,0.0,00:00,,,,108.20,,,
,00:28:53,68,0.0,00:00,,,,108.99,,,
,00:28:54,68,0.0,00:00,,,,109.78,,,
,00:28:55,68,0.0,00:00,,,,110.57,,,
,00:28:56,68,0.0,00:00,,,,111.36,,,
,00:28:57,68,0.0,00:00,,,,112.15,,,
,00:28:58,68,0.0,00:00,,,,112.94,,,
,00:28:59,69,0.0,00:00,,,,113.10,,,
,00:29:00,70,0.8,75:45,,,,113.20,,,
,00:29:01,71,0.0,00:00,,,,113.90,,,
,00:29:02,73,0.0,00:00,,,,114.50,,,
,00:29:03,74,0.0,00:00,,,,114.80,,,
,00:29:04,76,0.0,00:00,,,,115.00,,,
,00:29:05,76,0.0,00:00,,,,115.20,,,
,00:29:06,77,0.0,00:00,,,,115.20,,,
,00:29:07,77,0.0,00:00,,,,115.40,,,
,00:29:08,77,0.0,00:00,,,,115.60,,,
,00:29:09,77,0.0,00:00,,,,115.80,,,
,00:29:10,76,0.0,00:00,,,,116.50,,,
,00:29:11,76,0.0,00:00,,,,116.80,,,
,00:29:12,75,0.0,00:00,,,,117.10,,,
,00:29:13,74,0.0,00:00,,,,117.30,,,
,00:29:14,73,0.0,00:00,,,,117.40,,,
,00:29:15,74,0.0,00:00,,,,117.40,,,
,00:29:16,74,0.0,00:00,,,,117.50,,,
,00:29:17,75,0.0,00:00,,,,117.70,,,
,00:29:18,76,0.0,00:00,,,,117.70,,,
,00:29:19,76,0.0,00:00,,,,117.80,,,
,00:29:20,76,0.0,00:00,,,,118.00,,,
,00:29:21,76,0.0,00:00,,,,118.40,,,
,00:29:22,76,0.0,00:00,,,,118.90,,,
,00:29:23,75,0.6,92:36,,,,119.20,,,
,00:29:24,74,0.0,00:00,,,,119.30,,,
,00:29:25,73,0.0,00:00,,,,119.50,,,
,00:29:26,72,0.0,00:00,,,,119.80,,,
,00:29:27,71,0.0,00:00,,,,120.30,,,
,00:29:28,71,0.0,00:00,,,,120.50,,,
,00:29:29,70,0.0,00:00,,,,120.90,,,
,00:29:30,69,0.0,00:00,,,,121.10,,,
,00:29:31,68,0.0,00:00,,,,121.30,,,
,00:29:32,67,0.0,00:00,,,,121.40,,,
,00:29:33,67,0.0,00:00,,,,121.50,,,
,00:29:34,66,0.0,00:00,,,,121.60,,,
,00:29:35,66,0.0,00:00,,,,121.70,,,
,00:29:36,66,0.0,00:00,,,,121.80,,,
,00:29:37,66,0.0,00:00,,,,121.90,,,
,00:29:38,67,0.0,00:00,,,,122.00,,,
,00:29:39,68,0.0,00:00,,,,122.10,,,
,00:29:40,68,0.0,00:00,,,,122.10,,,
,00:29:41,69,0.0,00:00,,,,122.10,,,
,00:29:42,69,0.0,00:00,,,,122.30,,,
,00:29:43,68,0.0,00:00,,,,122.80,,,
,00:29:44,68,0.0,00:00,,,,123.59,,,
,00:29:45,67,0.0,00:00,,,,124.38,,,
,00:29:46,67,0.0,00:00,,,,125.00,,,
,00:29:47,66,0.0,00:00,,,,125.50,,,
,00:29:48,66,0.0,00:00,,,,125.80,,,
,00:29:49,66,0.0,00:00,,,,126.00,,,
,00:29:50,66,0.0,00:00,,,,126.10,,,
,00:29:51,66,0.0,00:00,,,,126.10,,,
,00:29:52,67,0.0,00:00,,,,126.10,,,
,00:29:53,69,0.0,00:00,,,,126.10,,,
,00:29:54,70,0.0,00:00,,,,126.20,,,
,00:29:55,71,0.0,00:00,,,,126.20,,,
,00:29:56,73,0.0,00:00,,,,126.50,,,
,00:29:57,72,0.0,00:00,,,,126.70,,,
,00:29:58,70,0.0,00:00,,,,127.00,,,
,00:29:59,70,0.0,00:00,,,,127.30,,,
,00:30:00,69,0.0,00:00,,,,127.70,,,
,00:30:01,70,0.0,00:00,,,,127.90,,,
,00:30:02,70,0.0,00:00,,,,128.10,,,
,00:30:03,72,0.0,00:00,,,,128.40,,,
,00:30:04,73,0.0,00:00,,,,128.50,,,
,00:30:05,74,0.0,00:00,,,,128.60,,,
,00:30:06,76,0.0,00:00,,,,128.60,,,
,00:30:07,77,0.0,00:00,,,,129.00,,,
,00:30:08,78,0.0,00:00,,,,129.10,,,
,00:30:09,77,0.0,00:00,,,,129.10,,,
,00:30:10,77,0.0,00:00,,,,129.20,,,
,00:30:11,76,0.0,00:00,,,,129.30,,,
,00:30:12,75,0.0,00:00,,,,129.30,,,
,00:30:13,75,0.0,00:00,,,,129.30,,,
,00:30:14,74,0.0,00:00,,,,129.40,,,
,00:30:15,73,0.0,00:00,,,,129.40,,,
,00:30:16,72,0.0,00:00,,,,129.60,,,
,00:30:17,71,0.0,00:00,,,,129.60,,,
,00:30:18,70,0.0,00:00,,,,130.39,,,
,00:30:19,69,0.0,00:00,,,,130.90,,,
,00:30:20,68,0.0,00:00,,,,131.10,,,
,00:30:21,67,0.0,00:00,,,,131.10,,,
,00:30:22,66,0.0,00:00,,,,131.20,,,
,00:30:23,65,0.0,00:00,,,,131.40,,,
,00:30:24,65,0.0,00:00,,,,131.40,,,
,00:30:25,64,0.0,00:00,,,,131.40,,,
,00:30:26,64,0.0,00:00,,,,131.40,,,
,00:30:27,64,0.0,00:00,,,,131.50,,,
,00:30:28,64,0.0,00:00,,,,131.50,,,
,00:30:29,64,0.0,00:00,,,,131.90,,,
,00:30:30,64,0.0,00:00,,,,132.10,,,
,00:30:31,65,0.0,00:00,,,,132.20,,,
,00:30:32,65,0.0,00:00,,,,132.40,,,
,00:30:33,67,0.0,00:00,,,,132.40,,,
,00:30:34,68,0.0,00:00,,,,132.50,,,
,00:30:35,69,0.0,00:00,,,,132.70,,,
,00:30:36,69,0.0,00:00,,,,132.90,,,
,00:30:37,70,0.0,00:00,,,,133.20,,,
,00:30:38,71,0.0,00:00,,,,133.20,,,
,00:30:39,72,0.0,00:00,,,,133.40,,,
,00:30:40,74,0.0,00:00,,,,133.40,,,
,00:30:41,75,0.0,00:00,,,,133.80,,,
,00:30:42,76,0.0,00:00,,,,134.00,,,
,00:30:43,75,0.0,00:00,,,,134.00,,,
,00:30:44,74,0.0,00:00,,,,134.00,,,
,00:30:45,72,0.0,00:00,,,,134.10,,,
,00:30:46,71,0.0,00:00,,,,134.10,,,
,00:30:47,69,0.0,00:00,,,,134.20,,,
,00:30:48,68,0.0,00:00,,,,134.30,,,
,00:30:49,68,0.0,00:00,,,,134.40,,,
,00:30:50,67,0.0,00:00,,,,134.50,,,
,00:30:51,68,0.0,00:00,,,,134.60,,,
,00:30:52,69,0.0,00:00,,,,134.60,,,
,00:30:53,71,0.0,00:00,,,,134.70,,,
,00:30:54,72,0.0,00:00,,,,135.00,,,
,00:30:55,71,0.0,00:00,,,,135.40,,,
,00:30:56,71,0.0,00:00,,,,135.50,,,
,00:30:57,71,0.0,00:00,,,,135.60,,,
,00:30:58,72,0.0,00:00,,,,135.70,,,
,00:30:59,71,0.0,00:00,,,,135.80,,,
,00:31:00,71,0.0,00:00,,,,136.00,,,
,00:31:01,70,0.0,00:00,,,,136.30,,,
,00:31:02,69,0.0,00:00,,,,136.30,,,
,00:31:03,68,0.0,00:00,,,,136.30,,,
,00:31:04,67,0.0,00:00,,,,136.30,,,
,00:31:05,67,0.0,00:00,,,,136.30,,,
,00:31:06,66,0.0,00:00,,,,136.30,,,
,00:31:07,66,0.0,00:00,,,,136.40,,,
,00:31:08,67,0.0,00:00,,,,136.40,,,
,00:31:09,67,0.0,00:00,,,,136.50,,,
,00:31:10,67,0.0,00:00,,,,136.50,,,
,00:31:11,68,0.0,00:00,,,,136.50,,,
,00:31:12,69,0.0,00:00,,,,136.50,,,
,00:31:13,70,0.0,00:00,,,,136.50,,,
,00:31:14,71,0.0,00:00,,,,136.50,,,
,00:31:15,70,0.0,00:00,,,,136.50,,,
,00:31:16,69,0.0,00:00,,,,136.50,,,
,00:31:17,69,0.0,00:00,,,,136.50,,,
,00:31:18,69,0.0,00:00,,,,136.50,,,
,00:31:19,70,0.0,00:00,,,,136.50,,,
,00:31:20,71,0.0,00:00,,,,136.50,,,
,00:31:21,72,0.0,00:00,,,,136.50,,,
,00:31:22,72,0.0,00:00,,,,136.50,,,
,00:31:23,73,0.0,00:00,,,,136.50,,,
,00:31:24,74,0.0,00:00,,,,136.50,,,
,00:31:25,75,0.0,00:00,,,,136.50,,,
,00:31:26,75,0.0,00:00,,,,136.50,,,
,00:31:27,75,0.0,00:00,,,,136.50,,,
,00:31:28,75,0.0,00:00,,,,136.50,,,
,00:31:29,74,0.0,00:00,,,,136.50,,,
,00:31:30,74,0.0,00:00,,,,136.50,,,
,00:31:31,74,0.0,00:00,,,,136.50,,,
,00:31:32,73,0.0,00:00,,,,136.50,,,
,00:31:33,72,0.0,00:00,,,,136.50,,,
,00:31:34,71,0.0,00:00,,,,136.50,,,
,00:31:35,71,0.0,00:00,,,,136.50,,,
,00:31:36,70,0.0,00:00,,,,136.50,,,
,00:31:37,71,0.0,00:00,,,,136.50,,,
,00:31:38,71,0.0,00:00,,,,136.50,,,
,00:31:39,72,0.0,00:00,,,,136.50,,,
,00:31:40,72,0.0,00:00,,,,136.50,,,
,00:31:41,73,0.0,00:00,,,,136.50,,,
,00:31:42,73,0.0,00:00,,,,136.50,,,
,00:31:43,74,0.0,00:00,,,,136.50,,,
,00:31:44,74,0.0,00:00,,,,136.50,,,
,00:31:45,74,0.0,00:00,,,,136.50,,,
,00:31:46,73,0.0,00:00,,,,136.50,,,
,00:31:47,73,0.0,00:00,,,,136.50,,,
,00:31:48,72,0.0,00:00,,,,136.50,,,
,00:31:49,73,0.0,00:00,,,,136.50,,,
,00:31:50,73,0.0,00:00,,,,136.50,,,
,00:31:51,74,0.0,00:00,,,,136.50,,,
,00:31:52,74,0.0,00:00,,,,137.00,,,
,00:31:53,74,0.0,00:00,,,,137.30,,,
,00:31:54,73,0.0,00:00,,,,137.40,,,
,00:31:55,72,0.0,00:00,,,,137.60,,,
,00:31:56,71,0.0,00:00,,,,137.70,,,
,00:31:57,71,0.0,00:00,,,,137.80,,,
,00:31:58,71,0.0,00:00,,,,137.80,,,
,00:31:59,71,0.0,00:00,,,,138.10,,,
,00:32:00,71,0.0,00:00,,,,138.20,,,
,00:32:01,72,0.0,00:00,,,,138.50,,,
,00:32:02,73,0.0,00:00,,,,138.70,,,
,00:32:03,73,0.0,00:00,,,,139.10,,,
,00:32:04,74,0.0,00:00,,,,139.60,,,
,00:32:05,75,0.0,00:00,,,,139.90,,,
,00:32:06,76,0.0,00:00,,,,140.20,,,
,00:32:07,77,0.0,00:00,,,,140.30,,,
,00:32:08,78,0.0,00:00,,,,140.60,,,
,00:32:09,79,0.0,00:00,,,,140.70,,,
,00:32:10,79,0.0,00:00,,,,140.80,,,
,00:32:11,79,0.0,00:00,,,,140.90,,,
,00:32:12,78,0.0,00:00,,,,140.90,,,
,00:32:13,78,0.0,00:00,,,,140.90,,,
,00:32:14,78,0.0,00:00,,,,141.10,,,
,00:32:15,79,0.0,00:00,,,,141.30,,,
,00:32:16,80,0.0,00:00,,,,141.40,,,
,00:32:17,80,0.0,00:00,,,,141.60,,,
,00:32:18,81,0.0,00:00,,,,141.80,,,
,00:32:19,79,0.0,00:00,,,,142.10,,,
,00:32:20,78,0.0,00:00,,,,142.20,,,
,00:32:21,77,0.0,00:00,,,,142.30,,,
,00:32:22,75,0.0,00:00,,,,142.30,,,
,00:32:23,75,0.0,00:00,,,,142.40,,,
,00:32:24,74,0.0,00:00,,,,142.60,,,
,00:32:25,75,0.0,00:00,,,,142.70,,,
,00:32:26,75,0.0,00:00,,,,142.70,,,
,00:32:27,75,0.0,00:00,,,,142.80,,,
,00:32:28,75,0.0,00:00,,,,142.80,,,
,00:32:29,75,0.0,00:00,,,,142.80,,,
,00:32:30,75,0.0,00:00,,,,142.80,,,
,00:32:31,75,0.0,00:00,,,,142.80,,,
,00:32:32,74,0.0,00:00,,,,142.80,,,
,00:32:33,74,0.0,00:00,,,,142.80,,,
,00:32:34,73,0.0,00:00,,,,142.80,,,
,00:32:35,72,0.0,00:00,,,,142.80,,,
,00:32:36,71,0.0,00:00,,,,142.80,,,
,00:32:37,70,0.0,00:00,,,,142.80,,,
,00:32:38,70,0.0,00:00,,,,142.80,,,
,00:32:39,69,0.0,00:00,,,,142.80,,,
,00:32:40,69,0.0,00:00,,,,142.80,,,
,00:32:41,68,0.0,00:00,,,,142.80,,,
,00:32:42,68,0.0,00:00,,,,142.80,,,
,00:32:43,68,0.0,00:00,,,,142.80,,,
,00:32:44,67,0.0,00:00,,,,142.80,,,
,00:32:45,67,0.0,00:00,,,,142.80,,,
,00:32:46,67,0.0,00:00,,,,142.80,,,
,00:32:47,66,0.0,00:00,,,,143.10,,,
,00:32:48,66,0.0,00:00,,,,143.30,,,
,00:32:49,66,0.0,00:00,,,,143.40,,,
,00:32:50,66,0.0,00:00,,,,143.40,,,
,00:32:51,67,0.0,00:00,,,,143.40,,,
,00:32:52,67,0.0,00:00,,,,143.40,,,
,00:32:53,67,0.0,00:00,,,,143.40,,,
,00:32:54,66,0.0,00:00,,,,143.40,,,
,00:32:55,65,0.0,00:00,,,,143.40,,,
,00:32:56,65,0.0,00:00,,,,143.40,,,
,00:32:57,64,0.0,00:00,,,,143.40,,,
,00:32:58,64,0.0,00:00,,,,143.40,,,
,00:32:59,64,0.0,00:00,,,,143.40,,,
,00:33:00,64,0.0,00:00,,,,143.40,,,
,00:33:01,65,0.0,00:00,,,,143.40,,,
,00:33:02,65,0.0,00:00,,,,143.40,,,
,00:33:03,64,0.0,00:00,,,,143.40,,,
,00:33:04,64,0.0,00:00,,,,143.40,,,
,00:33:05,64,0.0,00:00,,,,143.40,,,
,00:33:06,63,0.0,00:00,,,,143.40,,,
,00:33:07,64,0.0,00:00,,,,143.50,,,
,00:33:08,65,0.0,00:00,,,,143.50,,,
,00:33:09,67,0.0,00:00,,,,143.50,,,
,00:33:10,68,0.0,00:00,,,,143.50,,,
,00:33:11,69,0.0,00:00,,,,143.50,,,
,00:33:12,70,0.0,00:00,,,,143.50,,,
,00:33:13,71,0.0,00:00,,,,143.50,,,
,00:33:14,72,0.0,00:00,,,,143.50,,,
,00:33:15,74,0.0,00:00,,,,143.50,,,
,00:33:16,75,0.0,00:00,,,,143.50,,,
,00:33:17,76,0.0,00:00,,,,143.50,,,
,00:33:18,77,0.0,00:00,,,,143.50,,,
,00:33:19,77,0.0,00:00,,,,143.50,,,
,00:33:20,78,0.0,00:00,,,,143.50,,,
,00:33:21,77,0.0,00:00,,,,143.50,,,
,00:33:22,76,0.0,00:00,,,,143.50,,,
,00:33:23,75,0.0,00:00,,,,143.50,,,
,00:33:24,74,0.0,00:00,,,,143.50,,,
,00:33:25,73,0.0,00:00,,,,143.50,,,
,00:33:26,72,0.0,00:00,,,,143.50,,,
,00:33:27,72,0.0,00:00,,,,143.50,,,
,00:33:28,71,0.0,00:00,,,,143.50,,,
,00:33:29,72,0.0,00:00,,,,143.50,,,
,00:33:30,72,0.0,00:00,,,,143.50,,,
,00:33:31,72,0.0,00:00,,,,143.50,,,
,00:33:32,73,0.0,00:00,,,,143.50,,,
,00:33:33,73,0.0,00:00,,,,143.50,,,
,00:33:34,73,0.0,00:00,,,,143.50,,,
,00:33:35,73,0.0,00:00,,,,143.50,,,
,00:33:36,74,0.0,00:00,,,,143.50,,,
,00:33:37,73,0.0,00:00,,,,143.50,,,
,00:33:38,73,0.0,00:00,,,,143.50,,,
,00:33:39,72,0.0,00:00,,,,143.50,,,
,00:33:40,72,0.0,00:00,,,,143.50,,,
,00:33:41,72,0.0,00:00,,,,143.50,,,
,00:33:42,73,0.0,00:00,,,,143.50,,,
,00:33:43,73,0.0,00:00,,,,143.50,,,
,00:33:44,73,0.0,00:00,,,,143.50,,,
,00:33:45,72,0.0,00:00,,,,143.50,,,
,00:33:46,71,0.0,00:00,,,,143.50,,,
,00:33:47,71,0.0,00:00,,,,143.60,,,
,00:33:48,70,0.0,00:00,,,,143.60,,,
,00:33:49,70,0.0,00:00,,,,143.60,,,
,00:33:50,71,0.0,00:00,,,,143.60,,,
,00:33:51,70,0.0,00:00,,,,143.60,,,
,00:33:52,70,0.0,00:00,,,,143.60,,,
,00:33:53,69,0.0,00:00,,,,143.60,,,
,00:33:54,69,0.0,00:00,,,,143.60,,,
,00:33:55,69,0.0,00:00,,,,143.60,,,
,00:33:56,68,0.0,00:00,,,,143.60,,,
,00:33:57,69,0.0,00:00,,,,143.60,,,
,00:33:58,69,0.0,00:00,,,,143.60,,,
,00:33:59,69,0.0,00:00,,,,143.60,,,
,00:34:00,69,0.0,00:00,,,,143.60,,,
,00:34:01,69,0.0,00:00,,,,143.60,,,
,00:34:02,69,0.0,00:00,,,,143.60,,,
,00:34:03,70,0.0,00:00,,,,143.60,,,
,00:34:04,71,0.0,00:00,,,,143.60,,,
,00:34:05,72,0.0,00:00,,,,143.60,,,
,00:34:06,72,0.0,00:00,,,,143.60,,,
,00:34:07,73,0.0,00:00,,,,143.60,,,
,00:34:08,73,0.0,00:00,,,,143.60,,,
,00:34:09,74,0.0,00:00,,,,143.60,,,
,00:34:10,75,0.0,00:00,,,,143.60,,,
,00:34:11,75,0.0,00:00,,,,143.60,,,
,00:34:12,76,0.0,00:00,,,,143.60,,,
,00:34:13,74,0.0,00:00,,,,143.60,,,
,00:34:14,73,0.0,00:00,,,,143.60,,,
,00:34:15,73,0.0,00:00,,,,143.60,,,
,00:34:16,73,0.0,00:00,,,,143.60,,,
,00:34:17,74,0.0,00:00,,,,143.60,,,
,00:34:18,74,0.0,00:00,,,,143.60,,,
,00:34:19,74,0.0,00:00,,,,143.60,,,
,00:34:20,74,0.0,00:00,,,,143.60,,,
,00:34:21,73,0.0,00:00,,,,143.60,,,
,00:34:22,72,0.0,00:00,,,,143.60,,,
,00:34:23,71,0.0,00:00,,,,143.60,,,
,00:34:24,70,0.0,00:00,,,,143.60,,,
,00:34:25,69,0.0,00:00,,,,143.60,,,
,00:34:26,68,0.0,00:00,,,,143.60,,,
,00:34:27,67,0.0,00:00,,,,143.70,,,
,00:34:28,66,0.0,00:00,,,,143.70,,,
,00:34:29,66,0.0,00:00,,,,143.70,,,
,00:34:30,66,0.0,00:00,,,,143.70,,,
,00:34:31,67,0.0,00:00,,,,143.70,,,
,00:34:32,67,0.0,00:00,,,,143.70,,,
,00:34:33,67,0.0,00:00,,,,143.70,,,
,00:34:34,66,0.0,00:00,,,,143.70,,,
,00:34:35,66,0.0,00:00,,,,143.70,,,
,00:34:36,66,0.0,00:00,,,,143.70,,,
,00:34:37,67,0.0,00:00,,,,143.70,,,
,00:34:38,67,0.0,00:00,,,,143.70,,,
,00:34:39,67,0.0,00:00,,,,143.70,,,
,00:34:40,67,0.0,00:00,,,,143.70,,,
,00:34:41,68,0.0,00:00,,,,143.70,,,
,00:34:42,68,0.0,00:00,,,,143.70,,,
,00:34:43,69,0.0,00:00,,,,143.70,,,
,00:34:44,70,0.0,00:00,,,,143.70,,,
,00:34:45,71,0.0,00:00,,,,143.70,,,
,00:34:46,72,0.0,00:00,,,,143.70,,,
,00:34:47,74,0.0,00:00,,,,143.70,,,
,00:34:48,76,0.0,00:00,,,,143.70,,,
,00:34:49,77,0.0,00:00,,,,143.70,,,
,00:34:50,79,0.0,00:00,,,,143.70,,,
,00:34:51,81,0.0,00:00,,,,143.70,,,
,00:34:52,82,0.0,00:00,,,,143.70,,,
,00:34:53,83,0.0,00:00,,,,143.70,,,
,00:34:54,84,0.0,00:00,,,,143.70,,,
,00:34:55,83,0.0,00:00,,,,143.70,,,
,00:34:56,82,0.0,00:00,,,,143.70,,,
,00:34:57,80,0.0,00:00,,,,143.70,,,
,00:34:58,79,0.0,00:00,,,,143.70,,,
,00:34:59,78,0.0,00:00,,,,143.70,,,
,00:35:00,78,0.0,00:00,,,,143.70,,,
,00:35:01,77,0.0,00:00,,,,143.70,,,
,00:35:02,77,0.0,00:00,,,,143.70,,,
,00:35:03,75,0.0,00:00,,,,143.70,,,
,00:35:04,74,0.0,00:00,,,,143.70,,,
,00:35:05,73,0.0,00:00,,,,143.70,,,
,00:35:06,72,0.0,00:00,,,,143.70,,,
,00:35:07,72,0.0,00:00,,,,143.70,,,
,00:35:08,72,0.0,00:00,,,,143.70,,,
,00:35:09,71,0.0,00:00,,,,143.70,,,
,00:35:10,71,0.0,00:00,,,,143.70,,,
,00:35:11,70,0.0,00:00,,,,143.70,,,
,00:35:12,70,0.0,00:00,,,,143.70,,,
,00:35:13,69,0.0,00:00,,,,143.70,,,
,00:35:14,69,0.0,00:00,,,,143.70,,,
,00:35:15,68,0.0,00:00,,,,143.70,,,
,00:35:16,68,0.0,00:00,,,,143.70,,,
,00:35:17,68,0.0,00:00,,,,143.70,,,
,00:35:18,67,0.0,00:00,,,,143.70,,,
,00:35:19,67,0.0,00:00,,,,143.70,,,
,00:35:20,66,0.0,00:00,,,,143.70,,,
,00:35:21,66,0.0,00:00,,,,143.70,,,
,00:35:22,66,0.0,00:00,,,,143.70,,,
,00:35:23,66,0.0,00:00,,,,143.70,,,
,00:35:24,66,0.0,00:00,,,,143.70,,,
,00:35:25,65,0.0,00:00,,,,143.70,,,
,00:35:26,65,0.0,00:00,,,,143.70,,,
,00:35:27,65,0.0,00:00,,,,143.70,,,
,00:35:28,66,0.0,00:00,,,,143.70,,,
,00:35:29,66,0.0,00:00,,,,143.70,,,
,00:35:30,67,0.0,00:00,,,,143.70,,,
,00:35:31,68,0.0,00:00,,,,143.70,,,
,00:35:32,69,0.0,00:00,,,,143.70,,,
,00:35:33,70,0.0,00:00,,,,143.70,,,
,00:35:34,71,0.0,00:00,,,,143.70,,,
,00:35:35,71,0.0,00:00,,,,143.70,,,
,00:35:36,71,0.0,00:00,,,,143.70,,,
,00:35:37,72,0.0,00:00,,,,143.70,,,
,00:35:38,72,0.0,00:00,,,,143.70,,,
,00:35:39,72,0.0,00:00,,,,143.70,,,
,00:35:40,72,0.0,00:00,,,,143.70,,,
,00:35:41,73,0.0,00:00,,,,143.70,,,
,00:35:42,73,0.0,00:00,,,,143.70,,,
,00:35:43,73,0.0,00:00,,,,143.70,,,
,00:35:44,74,0.0,00:00,,,,143.70,,,
,00:35:45,74,0.0,00:00,,,,143.70,,,
,00:35:46,75,0.0,00:00,,,,143.70,,,
,00:35:47,75,0.0,00:00,,,,143.70,,,
,00:35:48,75,0.0,00:00,,,,143.70,,,
,00:35:49,74,0.0,00:00,,,,143.70,,,
,00:35:50,74,0.0,00:00,,,,143.70,,,
,00:35:51,74,0.0,00:00,,,,143.70,,,
,00:35:52,75,0.0,00:00,,,,143.70,,,
,00:35:53,76,0.0,00:00,,,,143.70,,,
,00:35:54,78,0.0,00:00,,,,143.70,,,
,00:35:55,78,0.0,00:00,,,,143.70,,,
,00:35:56,78,0.0,00:00,,,,143.70,,,
,00:35:57,77,0.0,00:00,,,,143.70,,,
,00:35:58,76,0.0,00:00,,,,143.70,,,
,00:35:59,75,0.0,00:00,,,,143.70,,,
,00:36:00,74,0.0,00:00,,,,143.70,,,
,00:36:01,73,0.0,00:00,,,,143.70,,,
,00:36:02,73,0.0,00:00,,,,143.70,,,
,00:36:03,73,0.0,00:00,,,,143.70,,,
,00:36:04,73,0.0,00:00,,,,143.70,,,
,00:36:05,73,0.0,00:00,,,,143.70,,,
,00:36:06,73,0.0,00:00,,,,143.70,,,
,00:36:07,73,0.0,00:00,,,,143.70,,,
,00:36:08,73,0.0,00:00,,,,143.70,,,
,00:36:09,74,0.0,00:00,,,,143.70,,,
,00:36:10,74,0.0,00:00,,,,143.70,,,
,00:36:11,75,0.0,00:00,,,,143.70,,,
,00:36:12,76,0.0,00:00,,,,143.70,,,
,00:36:13,77,0.0,00:00,,,,143.80,,,
,00:36:14,77,0.0,00:00,,,,143.80,,,
,00:36:15,76,0.0,00:00,,,,143.80,,,
,00:36:16,75,0.0,00:00,,,,143.80,,,
,00:36:17,74,0.0,00:00,,,,143.80,,,
,00:36:18,73,0.0,00:00,,,,143.80,,,
,00:36:19,72,0.0,00:00,,,,143.80,,,
,00:36:20,72,0.0,00:00,,,,143.80,,,
,00:36:21,72,0.0,00:00,,,,143.80,,,
,00:36:22,73,0.0,00:00,,,,143.80,,,
,00:36:23,74,0.0,00:00,,,,143.80,,,
,00:36:24,75,0.0,00:00,,,,143.80,,,
,00:36:25,74,0.0,00:00,,,,143.80,,,
,00:36:26,74,0.0,00:00,,,,143.80,,,
,00:36:27,74,0.0,00:00,,,,143.80,,,
,00:36:28,73,0.0,00:00,,,,143.80,,,
,00:36:29,73,0.0,00:00,,,,143.80,,,
,00:36:30,74,0.0,00:00,,,,143.80,,,
,00:36:31,74,0.0,00:00,,,,143.80,,,
,00:36:32,75,0.0,00:00,,,,143.80,,,
,00:36:33,75,0.0,00:00,,,,143.90,,,
,00:36:34,75,0.0,00:00,,,,143.90,,,
,00:36:35,75,0.0,00:00,,,,143.90,,,
,00:36:36,74,0.0,00:00,,,,143.90,,,
,00:36:37,74,0.0,00:00,,,,143.90,,,
,00:36:38,74,0.0,00:00,,,,143.90,,,
,00:36:39,74,0.0,00:00,,,,143.90,,,
,00:36:40,73,0.0,00:00,,,,143.90,,,
,00:36:41,73,0.0,00:00,,,,143.90,,,
,00:36:42,73,0.0,00:00,,,,143.90,,,
,00:36:43,72,0.0,00:00,,,,143.90,,,
,00:36:44,72,0.0,00:00,,,,143.90,,,
,00:36:45,71,0.0,00:00,,,,143.90,,,
,00:36:46,70,0.0,00:00,,,,143.90,,,
,00:36:47,71,0.0,00:00,,,,143.90,,,
,00:36:48,72,0.0,00:00,,,,143.90,,,
,00:36:49,74,0.0,00:00,,,,143.90,,,
,00:36:50,75,0.0,00:00,,,,143.90,,,
,00:36:51,76,0.0,00:00,,,,143.90,,,
,00:36:52,77,0.0,00:00,,,,143.90,,,
,00:36:53,77,0.0,00:00,,,,143.90,,,
,00:36:54,78,0.0,00:00,,,,143.90,,,
,00:36:55,79,0.0,00:00,,,,143.90,,,
,00:36:56,79,0.0,00:00,,,,143.90,,,
,00:36:57,79,0.0,00:00,,,,143.90,,,
,00:36:58,79,0.0,00:00,,,,143.90,,,
,00:36:59,79,0.0,00:00,,,,143.90,,,
,00:37:00,79,0.0,00:00,,,,143.90,,,
,00:37:01,78,0.0,00:00,,,,143.90,,,
,00:37:02,77,0.0,00:00,,,,143.90,,,
,00:37:03,75,0.0,00:00,,,,143.90,,,
,00:37:04,74,0.0,00:00,,,,143.90,,,
,00:37:05,72,0.0,00:00,,,,143.90,,,
,00:37:06,71,0.0,00:00,,,,143.90,,,
,00:37:07,69,0.0,00:00,,,,143.90,,,
,00:37:08,67,0.0,00:00,,,,143.90,,,
,00:37:09,67,0.0,00:00,,,,143.90,,,
,00:37:10,66,0.0,00:00,,,,143.90,,,
,00:37:11,67,0.0,00:00,,,,143.90,,,
,00:37:12,68,0.0,00:00,,,,143.90,,,
,00:37:13,67,0.0,00:00,,,,143.90,,,
,00:37:14,67,0.0,00:00,,,,143.90,,,
,00:37:15,66,0.0,00:00,,,,143.90,,,
,00:37:16,65,0.0,00:00,,,,143.90,,,
,00:37:17,65,0.0,00:00,,,,143.90,,,
,00:37:18,65,0.0,00:00,,,,143.90,,,
,00:37:19,66,0.0,00:00,,,,143.90,,,
,00:37:20,67,0.0,00:00,,,,143.90,,,
,00:37:21,69,0.0,00:00,,,,143.90,,,
,00:37:22,71,0.0,00:00,,,,143.90,,,
,00:37:23,71,0.0,00:00,,,,143.90,,,
,00:37:24,71,0.0,00:00,,,,143.90,,,
,00:37:25,71,0.0,00:00,,,,143.90,,,
,00:37:26,71,0.0,00:00,,,,143.90,,,
,00:37:27,71,0.0,00:00,,,,143.90,,,
,00:37:28,71,0.0,00:00,,,,143.90,,,
,00:37:29,72,0.0,00:00,,,,143.90,,,
,00:37:30,72,0.0,00:00,,,,143.90,,,
,00:37:31,71,0.0,00:00,,,,143.90,,,
,00:37:32,70,0.0,00:00,,,,143.90,,,
,00:37:33,69,0.0,00:00,,,,143.90,,,
,00:37:34,67,0.0,00:00,,,,143.90,,,
,00:37:35,68,0.0,00:00,,,,143.90,,,
,00:37:36,69,0.0,00:00,,,,143.90,,,
,00:37:37,69,0.0,00:00,,,,143.90,,,
,00:37:38,69,0.0,00:00,,,,143.90,,,
,00:37:39,69,0.0,00:00,,,,143.90,,,
,00:37:40,69,0.0,00:00,,,,143.90,,,
,00:37:41,68,0.0,00:00,,,,143.90,,,
,00:37:42,68,0.0,00:00,,,,143.90,,,
,00:37:43,67,0.0,00:00,,,,143.90,,,
,00:37:44,67,0.0,00:00,,,,143.90,,,
,00:37:45,68,0.0,00:00,,,,143.90,,,
,00:37:46,69,0.0,00:00,,,,143.90,,,
,00:37:47,69,0.0,00:00,,,,143.90,,,
,00:37:48,70,0.0,00:00,,,,143.90,,,
,00:37:49,69,0.0,00:00,,,,143.90,,,
,00:37:50,69,0.0,00:00,,,,143.90,,,
,00:37:51,69,0.0,00:00,,,,143.90,,,
,00:37:52,69,0.0,00:00,,,,143.90,,,
,00:37:53,69,0.0,00:00,,,,143.90,,,
,00:37:54,68,0.0,00:00,,,,143.90,,,
,00:37:55,68,0.0,00:00,,,,143.90,,,
,00:37:56,68,0.0,00:00,,,,143.90,,,
,00:37:57,68,0.0,00:00,,,,143.90,,,
,00:37:58,68,0.0,00:00,,,,143.90,,,
,00:37:59,68,0.0,00:00,,,,143.90,,,
,00:38:00,68,0.0,00:00,,,,143.90,,,
,00:38:01,69,0.0,00:00,,,,143.90,,,
,00:38:02,69,0.0,00:00,,,,143.90,,,
,00:38:03,69,0.0,00:00,,,,143.90,,,
,00:38:04,69,0.0,00:00,,,,143.90,,,
,00:38:05,69,0.0,00:00,,,,143.90,,,
,00:38:06,69,0.0,00:00,,,,143.90,,,
,00:38:07,68,0.0,00:00,,,,143.90,,,
,00:38:08,68,0.0,00:00,,,,143.90,,,
,00:38:09,67,0.0,00:00,,,,143.90,,,
,00:38:10,67,0.0,00:00,,,,143.90,,,
,00:38:11,66,0.0,00:00,,,,143.90,,,
,00:38:12,66,0.0,00:00,,,,143.90,,,
,00:38:13,66,0.0,00:00,,,,144.00,,,
,00:38:14,66,0.0,00:00,,,,144.00,,,
,00:38:15,66,0.0,00:00,,,,144.00,,,
,00:38:16,66,0.0,00:00,,,,144.00,,,
,00:38:17,66,0.0,00:00,,,,144.00,,,
,00:38:18,66,0.0,00:00,,,,144.00,,,
,00:38:19,66,0.0,00:00,,,,144.00,,,
,00:38:20,67,0.0,00:00,,,,144.00,,,
,00:38:21,67,0.0,00:00,,,,144.00,,,
,00:38:22,68,0.0,00:00,,,,144.00,,,
,00:38:23,68,0.0,00:00,,,,144.00,,,
,00:38:24,68,0.0,00:00,,,,144.00,,,
,00:38:25,67,0.0,00:00,,,,144.00,,,
,00:38:26,66,0.0,00:00,,,,144.00,,,
,00:38:27,66,0.0,00:00,,,,144.00,,,
,00:38:28,65,0.0,00:00,,,,144.00,,,
,00:38:29,64,0.0,00:00,,,,144.00,,,
,00:38:30,64,0.0,00:00,,,,144.00,,,
,00:38:31,63,0.0,00:00,,,,144.00,,,
,00:38:32,62,0.0,00:00,,,,144.00,,,
,00:38:33,62,0.0,00:00,,,,144.00,,,
,00:38:34,61,0.0,00:00,,,,144.00,,,
,00:38:35,62,0.0,00:00,,,,144.00,,,
,00:38:36,62,0.0,00:00,,,,144.00,,,
,00:38:37,62,0.0,00:00,,,,144.00,,,
,00:38:38,62,0.0,00:00,,,,144.00,,,
,00:38:39,62,0.0,00:00,,,,144.00,,,
,00:38:40,63,0.0,00:00,,,,144.00,,,
,00:38:41,63,0.0,00:00,,,,144.00,,,
,00:38:42,64,0.0,00:00,,,,144.00,,,
,00:38:43,64,0.0,00:00,,,,144.00,,,
,00:38:44,65,0.0,00:00,,,,144.00,,,
,00:38:45,65,0.0,00:00,,,,144.00,,,
,00:38:46,65,0.0,00:00,,,,144.00,,,
,00:38:47,65,0.0,00:00,,,,144.00,,,
,00:38:48,65,0.0,00:00,,,,144.00,,,
,00:38:49,65,0.0,00:00,,,,144.00,,,
,00:38:50,65,0.0,00:00,,,,144.00,,,
,00:38:51,65,0.0,00:00,,,,144.00,,,
,00:38:52,65,0.0,00:00,,,,144.00,,,
,00:38:53,65,0.0,00:00,,,,144.00,,,
,00:38:54,65,0.0,00:00,,,,144.00,,,
,00:38:55,65,0.0,00:00,,,,144.00,,,
,00:38:56,64,0.0,00:00,,,,144.00,,,
,00:38:57,64,0.0,00:00,,,,144.00,,,
,00:38:58,63,0.0,00:00,,,,144.00,,,
,00:38:59,62,0.0,00:00,,,,144.00,,,
,00:39:00,62,0.0,00:00,,,,144.00,,,
,00:39:01,62,0.0,00:00,,,,144.00,,,
,00:39:02,62,0.0,00:00,,,,144.00,,,
,00:39:03,63,0.0,00:00,,,,144.00,,,
,00:39:04,63,0.0,00:00,,,,144.00,,,
,00:39:05,64,0.0,00:00,,,,144.00,,,
,00:39:06,64,0.0,00:00,,,,144.00,,,
,00:39:07,65,0.0,00:00,,,,144.00,,,
,00:39:08,66,0.0,00:00,,,,144.00,,,
,00:39:09,67,0.0,00:00,,,,144.00,,,
,00:39:10,67,0.0,00:00,,,,144.00,,,
,00:39:11,67,0.0,00:00,,,,144.00,,,
,00:39:12,67,0.0,00:00,,,,144.00,,,
,00:39:13,67,0.0,00:00,,,,144.00,,,
,00:39:14,67,0.0,00:00,,,,144.00,,,
,00:39:15,67,0.0,00:00,,,,144.00,,,
,00:39:16,67,0.0,00:00,,,,144.00,,,
,00:39:17,68,0.0,00:00,,,,144.00,,,
,00:39:18,68,0.0,00:00,,,,144.00,,,
,00:39:19,69,0.0,00:00,,,,144.00,,,
,00:39:20,69,0.0,00:00,,,,144.00,,,
,00:39:21,70,0.0,00:00,,,,144.00,,,
,00:39:22,71,0.0,00:00,,,,144.00,,,
,00:39:23,71,0.0,00:00,,,,144.00,,,
,00:39:24,71,0.0,00:00,,,,144.00,,,
,00:39:25,71,0.0,00:00,,,,144.00,,,
,00:39:26,71,0.0,00:00,,,,144.00,,,
,00:39:27,71,0.0,00:00,,,,144.00,,,
,00:39:28,71,0.0,00:00,,,,144.00,,,
,00:39:29,71,0.0,00:00,,,,144.00,,,
,00:39:30,71,0.0,00:00,,,,144.00,,,
,00:39:31,70,0.0,00:00,,,,144.00,,,
,00:39:32,70,0.0,00:00,,,,144.00,,,
,00:39:33,69,0.0,00:00,,,,144.00,,,
,00:39:34,69,0.0,00:00,,,,144.00,,,
,00:39:35,68,0.0,00:00,,,,144.00,,,
,00:39:36,68,0.0,00:00,,,,144.00,,,
,00:39:37,67,0.0,00:00,,,,144.00,,,
,00:39:38,66,0.0,00:00,,,,144.00,,,
,00:39:39,65,0.0,00:00,,,,144.00,,,
,00:39:40,65,0.0,00:00,,,,144.00,,,
,00:39:41,64,0.0,00:00,,,,144.00,,,
,00:39:42,63,0.0,00:00,,,,144.00,,,
,00:39:43,63,0.0,00:00,,,,144.00,,,
,00:39:44,63,0.0,00:00,,,,144.00,,,
,00:39:45,62,0.0,00:00,,,,144.00,,,
,00:39:46,62,0.0,00:00,,,,144.00,,,
,00:39:47,62,0.0,00:00,,,,144.00,,,
,00:39:48,63,0.0,00:00,,,,144.00,,,
,00:39:49,63,0.0,00:00,,,,144.00,,,
,00:39:50,64,0.0,00:00,,,,144.00,,,
,00:39:51,64,0.0,00:00,,,,144.00,,,
,00:39:52,65,0.0,00:00,,,,144.00,,,
,00:39:53,65,0.0,00:00,,,,144.00,,,
,00:39:54,64,0.0,00:00,,,,144.00,,,
,00:39:55,63,0.0,00:00,,,,144.00,,,
,00:39:56,63,0.0,00:00,,,,144.00,,,
,00:39:57,62,0.0,00:00,,,,144.00,,,
,00:39:58,62,0.0,00:00,,,,144.00,,,
,00:39:59,62,0.0,00:00,,,,144.00,,,
,00:40:00,62,0.0,00:00,,,,144.00,,,
,00:40:01,62,0.0,00:00,,,,144.00,,,
,00:40:02,63,0.0,00:00,,,,144.00,,,
,00:40:03,63,0.0,00:00,,,,144.00,,,
,00:40:04,63,0.0,00:00,,,,144.00,,,
,00:40:05,63,0.0,00:00,,,,144.00,,,
,00:40:06,62,0.0,00:00,,,,144.00,,,
,00:40:07,62,0.0,00:00,,,,144.00,,,
,00:40:08,62,0.0,00:00,,,,144.00,,,
,00:40:09,63,0.0,00:00,,,,144.00,,,
,00:40:10,63,0.0,00:00,,,,144.00,,,
,00:40:11,64,0.0,00:00,,,,144.00,,,
,00:40:12,64,0.0,00:00,,,,144.00,,,
,00:40:13,64,0.0,00:00,,,,144.00,,,
,00:40:14,64,0.0,00:00,,,,144.00,,,
,00:40:15,64,0.0,00:00,,,,144.00,,,
,00:40:16,64,0.0,00:00,,,,144.00,,,
,00:40:17,64,0.0,00:00,,,,144.00,,,
,00:40:18,64,0.0,00:00,,,,144.00,,,
,00:40:19,65,0.0,00:00,,,,144.00,,,
,00:40:20,65,0.0,00:00,,,,144.00,,,
,00:40:21,66,0.0,00:00,,,,144.00,,,
,00:40:22,67,0.0,00:00,,,,144.00,,,
,00:40:23,67,0.0,00:00,,,,144.00,,,
,00:40:24,68,0.0,00:00,,,,144.00,,,
,00:40:25,68,0.0,00:00,,,,144.00,,,
,00:40:26,68,0.0,00:00,,,,144.00,,,
,00:40:27,67,0.0,00:00,,,,144.00,,,
,00:40:28,67,0.0,00:00,,,,144.00,,,
,00:40:29,67,0.0,00:00,,,,144.00,,,
,00:40:30,67,0.0,00:00,,,,144.00,,,
,00:40:31,66,0.0,00:00,,,,144.00,,,
,00:40:32,65,0.0,00:00,,,,144.00,,,
,00:40:33,64,0.0,00:00,,,,144.00,,,
,00:40:34,64,0.0,00:00,,,,144.00,,,
,00:40:35,62,0.0,00:00,,,,144.00,,,
,00:40:36,62,0.0,00:00,,,,144.00,,,
,00:40:37,61,0.0,00:00,,,,144.00,,,
,00:40:38,60,0.0,00:00,,,,144.00,,,
,00:40:39,60,0.0,00:00,,,,144.00,,,
,00:40:40,59,0.0,00:00,,,,144.00,,,
,00:40:41,59,0.0,00:00,,,,144.00,,,
,00:40:42,59,0.0,00:00,,,,144.00,,,
,00:40:43,59,0.0,00:00,,,,144.00,,,
,00:40:44,59,0.0,00:00,,,,144.00,,,
,00:40:45,59,0.0,00:00,,,,144.00,,,
,00:40:46,59,0.0,00:00,,,,144.00,,,
,00:40:47,60,0.0,00:00,,,,144.00,,,
,00:40:48,60,0.0,00:00,,,,144.00,,,
,00:40:49,60,0.0,00:00,,,,144.00,,,
,00:40:50,60,0.0,00:00,,,,144.00,,,
,00:40:51,60,0.0,00:00,,,,144.00,,,
,00:40:52,60,0.0,00:00,,,,144.00,,,
,00:40:53,61,0.0,00:00,,,,144.00,,,
,00:40:54,61,0.0,00:00,,,,144.00,,,
,00:40:55,63,0.0,00:00,,,,144.00,,,
,00:40:56,64,0.0,00:00,,,,144.00,,,
,00:40:57,64,0.0,00:00,,,,144.00,,,
,00:40:58,64,0.0,00:00,,,,144.00,,,
,00:40:59,64,0.0,00:00,,,,144.00,,,
,00:41:00,64,0.0,00:00,,,,144.00,,,
,00:41:01,64,0.0,00:00,,,,144.00,,,
,00:41:02,64,0.0,00:00,,,,144.00,,,
,00:41:03,64,0.0,00:00,,,,144.00,,,
,00:41:04,64,0.0,00:00,,,,144.00,,,
,00:41:05,64,0.0,00:00,,,,144.00,,,
,00:41:06,64,0.0,00:00,,,,144.00,,,
,00:41:07,64,0.0,00:00,,,,144.00,,,
,00:41:08,64,0.0,00:00,,,,144.00,,,
,00:41:09,64,0.0,00:00,,,,144.00,,,
,00:41:10,64,0.0,00:00,,,,144.00,,,
,00:41:11,64,0.0,00:00,,,,144.00,,,
,00:41:12,64,0.0,00:00,,,,144.00,,,
,00:41:13,64,0.0,00:00,,,,144.00,,,
,00:41:14,64,0.0,00:00,,,,144.00,,,
,00:41:15,64,0.0,00:00,,,,144.00,,,
,00:41:16,64,0.0,00:00,,,,144.00,,,
,00:41:17,64,0.0,00:00,,,,144.00,,,
,00:41:18,63,0.0,00:00,,,,144.00,,,
,00:41:19,63,0.0,00:00,,,,144.00,,,
,00:41:20,62,0.0,00:00,,,,144.00,,,
,00:41:21,62,0.0,00:00,,,,144.00,,,
,00:41:22,61,0.0,00:00,,,,144.00,,,
,00:41:23,61,0.0,00:00,,,,144.00,,,
,00:41:24,60,0.0,00:00,,,,144.00,,,
,00:41:25,60,0.0,00:00,,,,144.00,,,
,00:41:26,60,0.0,00:00,,,,144.00,,,
,00:41:27,60,0.0,00:00,,,,144.00,,,
,00:41:28,60,0.0,00:00,,,,144.00,,,
,00:41:29,60,0.0,00:00,,,,144.00,,,
,00:41:30,60,0.0,00:00,,,,144.00,,,
,00:41:31,60,0.0,00:00,,,,144.00,,,
,00:41:32,60,0.0,00:00,,,,144.00,,,
,00:41:33,59,0.0,00:00,,,,144.00,,,
,00:41:34,59,0.0,00:00,,,,144.00,,,
,00:41:35,59,0.0,00:00,,,,144.00,,,
,00:41:36,58,0.0,00:00,,,,144.00,,,
,00:41:37,58,0.0,00:00,,,,144.00,,,
,00:41:38,58,0.0,00:00,,,,144.00,,,
,00:41:39,59,0.0,00:00,,,,144.00,,,
,00:41:40,59,0.0,00:00,,,,144.00,,,
,00:41:41,60,0.0,00:00,,,,144.00,,,
,00:41:42,60,0.0,00:00,,,,144.00,,,
,00:41:43,61,0.0,00:00,,,,144.00,,,
,00:41:44,61,0.0,00:00,,,,144.00,,,
,00:41:45,61,0.0,00:00,,,,144.00,,,
,00:41:46,61,0.0,00:00,,,,144.00,,,
,00:41:47,62,0.0,00:00,,,,144.00,,,
,00:41:48,62,0.0,00:00,,,,144.00,,,
,00:41:49,62,0.0,00:00,,,,144.00,,,
,00:41:50,63,0.0,00:00,,,,144.00,,,
,00:41:51,64,0.0,00:00,,,,144.00,,,
,00:41:52,64,0.0,00:00,,,,144.00,,,
,00:41:53,64,0.0,00:00,,,,144.00,,,
,00:41:54,63,0.0,00:00,,,,144.00,,,
,00:41:55,63,0.0,00:00,,,,144.00,,,
,00:41:56,63,0.0,00:00,,,,144.00,,,
,00:41:57,64,0.0,00:00,,,,144.00,,,
,00:41:58,64,0.0,00:00,,,,144.00,,,
,00:41:59,65,0.0,00:00,,,,144.00,,,
,00:42:00,66,0.0,00:00,,,,144.00,,,
,00:42:01,67,0.0,00:00,,,,144.00,,,
,00:42:02,68,0.0,00:00,,,,144.00,,,
,00:42:03,68,0.0,00:00,,,,144.00,,,
,00:42:04,69,0.0,00:00,,,,144.00,,,
,00:42:05,69,0.0,00:00,,,,144.00,,,
,00:42:06,69,0.0,00:00,,,,144.00,,,
,00:42:07,68,0.0,00:00,,,,144.00,,,
,00:42:08,68,0.0,00:00,,,,144.00,,,
,00:42:09,67,0.0,00:00,,,,144.00,,,
,00:42:10,66,0.0,00:00,,,,144.00,,,
,00:42:11,65,0.0,00:00,,,,144.00,,,
,00:42:12,65,0.0,00:00,,,,144.00,,,
,00:42:13,64,0.0,00:00,,,,144.00,,,
,00:42:14,63,0.0,00:00,,,,144.00,,,
,00:42:15,62,0.0,00:00,,,,144.00,,,
,00:42:16,62,0.0,00:00,,,,144.00,,,
,00:42:17,61,0.0,00:00,,,,144.00,,,
,00:42:18,61,0.0,00:00,,,,144.00,,,
,00:42:19,61,0.0,00:00,,,,144.00,,,
,00:42:20,60,0.0,00:00,,,,144.00,,,
,00:42:21,60,0.0,00:00,,,,144.00,,,
,00:42:22,60,0.0,00:00,,,,144.00,,,
,00:42:23,61,0.0,00:00,,,,144.00,,,
,00:42:24,61,0.0,00:00,,,,144.00,,,
,00:42:25,60,0.0,00:00,,,,144.00,,,
,00:42:26,59,0.0,00:00,,,,144.00,,,
,00:42:27,59,0.0,00:00,,,,144.00,,,
,00:42:28,58,0.0,00:00,,,,144.00,,,
,00:42:29,58,0.0,00:00,,,,144.00,,,
,00:42:30,58,0.0,00:00,,,,144.00,,,
,00:42:31,58,0.0,00:00,,,,144.00,,,
,00:42:32,59,0.0,00:00,,,,144.00,,,
,00:42:33,60,0.0,00:00,,,,144.00,,,
,00:42:34,60,0.0,00:00,,,,144.00,,,
,00:42:35,61,0.0,00:00,,,,144.00,,,
,00:42:36,61,0.0,00:00,,,,144.00,,,
,00:42:37,61,0.0,00:00,,,,144.00,,,
,00:42:38,61,0.0,00:00,,,,144.00,,,
,00:42:39,60,0.0,00:00,,,,144.00,,,
,00:42:40,60,0.0,00:00,,,,144.00,,,
,00:42:41,60,0.0,00:00,,,,144.00,,,
,00:42:42,60,0.0,00:00,,,,144.00,,,
,00:42:43,60,0.0,00:00,,,,144.00,,,
,00:42:44,60,0.0,00:00,,,,144.00,,,
,00:42:45,60,0.0,00:00,,,,144.00,,,
,00:42:46,60,0.0,00:00,,,,144.00,,,
,00:42:47,60,0.0,00:00,,,,144.00,,,
,00:42:48,60,0.0,00:00,,,,144.00,,,
,00:42:49,60,0.0,00:00,,,,144.00,,,
,00:42:50,60,0.0,00:00,,,,144.00,,,
,00:42:51,60,0.0,00:00,,,,144.00,,,
,00:42:52,60,0.0,00:00,,,,144.00,,,
,00:42:53,60,0.0,00:00,,,,144.00,,,
,00:42:54,60,0.0,00:00,,,,144.00,,,
,00:42:55,59,0.0,00:00,,,,144.00,,,
,00:42:56,59,0.0,00:00,,,,144.00,,,
,00:42:57,60,0.0,00:00,,,,144.00,,,
,00:42:58,60,0.0,00:00,,,,144.00,,,
,00:42:59,62,0.0,00:00,,,,144.00,,,
,00:43:00,63,0.0,00:00,,,,144.00,,,
,00:43:01,64,0.0,00:00,,,,144.00,,,
,00:43:02,64,0.0,00:00,,,,144.00,,,
,00:43:03,66,0.0,00:00,,,,144.00,,,
,00:43:04,67,0.0,00:00,,,,144.00,,,
,00:43:05,68,0.0,00:00,,,,144.00,,,
,00:43:06,69,0.0,00:00,,,,144.00,,,
,00:43:07,70,0.0,00:00,,,,144.00,,,
,00:43:08,71,0.0,00:00,,,,144.00,,,
,00:43:09,71,0.0,00:00,,,,144.00,,,
,00:43:10,72,0.0,00:00,,,,144.00,,,
,00:43:11,72,0.0,00:00,,,,144.00,,,
,00:43:12,72,0.0,00:00,,,,144.00,,,
,00:43:13,72,0.0,00:00,,,,144.00,,,
,00:43:14,72,0.0,00:00,,,,144.00,,,
,00:43:15,72,0.0,00:00,,,,144.00,,,
,00:43:16,72,0.0,00:00,,,,144.00,,,
,00:43:17,73,0.0,00:00,,,,144.00,,,
,00:43:18,74,0.0,00:00,,,,144.00,,,
,00:43:19,74,0.0,00:00,,,,144.00,,,
,00:43:20,74,0.0,00:00,,,,144.00,,,
,00:43:21,74,0.0,00:00,,,,144.00,,,
,00:43:22,75,0.0,00:00,,,,144.00,,,
,00:43:23,75,0.0,00:00,,,,144.00,,,
,00:43:24,75,0.0,00:00,,,,144.00,,,
,00:43:25,76,0.0,00:00,,,,144.00,,,
,00:43:26,76,0.0,00:00,,,,144.00,,,
,00:43:27,76,0.0,00:00,,,,144.00,,,
,00:43:28,76,0.0,00:00,,,,144.00,,,
,00:43:29,77,0.0,00:00,,,,144.00,,,
,00:43:30,77,0.0,00:00,,,,144.00,,,
,00:43:31,78,0.0,00:00,,,,144.00,,,
,00:43:32,78,0.0,00:00,,,,144.00,,,
,00:43:33,78,0.0,00:00,,,,144.00,,,
,00:43:34,78,0.0,00:00,,,,144.00,,,
,00:43:35,77,0.0,00:00,,,,144.00,,,
,00:43:36,77,0.0,00:00,,,,144.00,,,
,00:43:37,76,0.0,00:00,,,,144.00,,,
,00:43:38,76,0.0,00:00,,,,144.00,,,
,00:43:39,75,0.0,00:00,,,,144.00,,,
,00:43:40,75,0.0,00:00,,,,144.00,,,
,00:43:41,76,0.0,00:00,,,,144.00,,,
,00:43:42,76,0.0,00:00,,,,144.00,,,
,00:43:43,77,0.0,00:00,,,,144.00,,,
,00:43:44,78,0.0,00:00,,,,144.00,,,
,00:43:45,,0.0,00:00,,,,144.00,,,
